2018-04-17 00:00,0.256,0.288,0.24,0.243,67462314
2018-04-18 00:00,0.243,0.265,0.242,0.262,31328123
2018-04-19 00:00,0.262,0.275,0.258,0.27,50860003
2018-04-20 00:00,0.27,0.304,0.266,0.301,71084300
2018-04-23 00:00,0.282,0.289,0.281,0.288,34341288
2018-04-24 00:00,0.288,0.32,0.286,0.309,90526083
2018-04-25 00:00,0.309,0.311,0.257,0.269,124688536
2018-04-26 00:00,0.269,0.294,0.255,0.293,68109654
2018-04-27 00:00,0.293,0.306,0.281,0.284,69781343
2018-04-30 00:00,0.363,0.364,0.33,0.341,93142640
2018-05-01 00:00,0.341,0.36,0.319,0.355,120368747
2018-05-02 00:00,0.355,0.376,0.345,0.372,65457710
2018-05-03 00:00,0.372,0.389,0.364,0.367,88326433
2018-05-04 00:00,0.367,0.369,0.347,0.358,56069291
2018-05-07 00:00,0.346,0.347,0.291,0.33,64060963
2018-05-08 00:00,0.331,0.346,0.316,0.322,45105036
2018-05-09 00:00,0.322,0.325,0.298,0.319,60635573
2018-05-10 00:00,0.319,0.322,0.291,0.291,38210546
2018-05-11 00:00,0.291,0.293,0.249,0.256,141274901
2018-05-14 00:00,0.277,0.278,0.251,0.267,91273093
2018-05-15 00:00,0.266,0.275,0.251,0.254,45482334
2018-05-16 00:00,0.254,0.256,0.237,0.252,52406380
2018-05-17 00:00,0.252,0.261,0.237,0.239,40168735
2018-05-18 00:00,0.239,0.245,0.23,0.243,42061912
2018-05-21 00:00,0.256,0.26,0.243,0.246,41754205
2018-05-22 00:00,0.246,0.247,0.218,0.22,46428702
2018-05-23 00:00,0.22,0.223,0.193,0.198,109714465
2018-05-24 00:00,0.198,0.21,0.189,0.207,77927032
2018-05-25 00:00,0.207,0.209,0.194,0.198,75352031
2018-05-28 00:00,0.192,0.194,0.171,0.172,97552906
2018-05-29 00:00,0.172,0.209,0.171,0.202,152230396
2018-05-30 00:00,0.202,0.217,0.197,0.208,170042605
2018-05-31 00:00,0.208,0.229,0.203,0.223,168752770
2018-06-01 00:00,0.223,0.229,0.213,0.22,120335382
2018-06-04 00:00,0.227,0.23,0.209,0.212,117544637
2018-06-05 00:00,0.212,0.222,0.202,0.218,126062370
2018-06-06 00:00,0.218,0.219,0.208,0.215,95597954
2018-06-07 00:00,0.215,0.219,0.208,0.21,88495908
2018-06-08 00:00,0.21,0.211,0.2,0.204,88036879
2018-06-11 00:00,0.173,0.181,0.164,0.179,89060553
2018-06-12 00:00,0.179,0.181,0.158,0.163,92630959
2018-06-13 00:00,0.163,0.166,0.145,0.158,123774578
2018-06-14 00:00,0.158,0.177,0.153,0.171,201282351
2018-06-15 00:00,0.171,0.171,0.16,0.161,114391816
2018-06-18 00:00,0.16,0.168,0.155,0.164,106510481
2018-06-19 00:00,0.164,0.171,0.161,0.167,92579534
2018-06-20 00:00,0.167,0.168,0.157,0.162,101010154
2018-06-21 00:00,0.162,0.164,0.157,0.158,81701416
2018-06-22 00:00,0.158,0.159,0.134,0.138,130675700
2018-06-25 00:00,0.131,0.139,0.126,0.135,112684771
2018-06-26 00:00,0.135,0.136,0.125,0.125,64025948
2018-06-27 00:00,0.125,0.128,0.123,0.128,94123447
2018-06-28 00:00,0.128,0.129,0.117,0.118,98846462
2018-06-29 00:00,0.118,0.127,0.114,0.125,127502016
2018-07-02 00:00,0.142,0.162,0.138,0.154,188333631
2018-07-03 00:00,0.154,0.161,0.148,0.15,185062917
2018-07-04 00:00,0.15,0.16,0.146,0.151,102961043
2018-07-05 00:00,0.151,0.156,0.143,0.147,124928360
2018-07-06 00:00,0.147,0.148,0.138,0.145,95720087
2018-07-09 00:00,0.145,0.146,0.139,0.139,75579055
2018-07-10 00:00,0.139,0.14,0.127,0.128,111283179
2018-07-11 00:00,0.128,0.134,0.125,0.131,99990261
2018-07-12 00:00,0.131,0.131,0.122,0.128,86139341
2018-07-13 00:00,0.127,0.144,0.125,0.138,152719329
2018-07-16 00:00,0.142,0.159,0.14,0.157,149953507
2018-07-17 00:00,0.157,0.176,0.15,0.171,213123383
2018-07-18 00:00,0.171,0.197,0.171,0.181,416309877
2018-07-19 00:00,0.181,0.192,0.171,0.182,282232230
2018-07-20 00:00,0.182,0.183,0.159,0.161,253384638
2018-07-23 00:00,0.169,0.181,0.164,0.164,194302745
2018-07-24 00:00,0.164,0.179,0.16,0.173,240608933
2018-07-25 00:00,0.174,0.177,0.166,0.173,176309682
2018-07-26 00:00,0.173,0.176,0.162,0.164,148549678
2018-07-27 00:00,0.164,0.169,0.155,0.166,166105224
2018-07-30 00:00,0.163,0.163,0.147,0.153,117831635
2018-07-31 00:00,0.153,0.153,0.139,0.142,139280148
2018-08-01 00:00,0.142,0.145,0.135,0.14,125588859
2018-08-02 00:00,0.14,0.141,0.129,0.13,131792047
2018-08-03 00:00,0.131,0.135,0.123,0.129,138792418
2018-08-06 00:00,0.131,0.136,0.126,0.129,103522454
2018-08-07 00:00,0.129,0.132,0.123,0.124,117382797
2018-08-08 00:00,0.124,0.124,0.109,0.113,165723825
2018-08-09 00:00,0.113,0.126,0.113,0.122,177290795
2018-08-10 00:00,0.122,0.124,0.111,0.115,163283873
2018-08-13 00:00,0.112,0.114,0.101,0.101,117825312
2018-08-14 00:00,0.101,0.101,0.084,0.094,178829277
2018-08-15 00:00,0.094,0.101,0.093,0.094,184857101
2018-08-16 00:00,0.094,0.098,0.091,0.095,124134767
2018-08-17 00:00,0.095,0.11,0.094,0.11,234081281
2018-08-20 00:00,0.101,0.103,0.092,0.092,135267743
2018-08-21 00:00,0.092,0.095,0.09,0.095,132327865
2018-08-22 00:00,0.095,0.101,0.087,0.09,188859240
2018-08-23 00:00,0.089,0.094,0.088,0.092,127991710
2018-08-24 00:00,0.092,0.095,0.09,0.094,122264222
2018-08-27 00:00,0.093,0.102,0.092,0.101,167559270
2018-08-28 00:00,0.101,0.107,0.1,0.106,216112244
2018-08-29 00:00,0.106,0.109,0.101,0.105,223271771
2018-08-30 00:00,0.105,0.108,0.097,0.101,192982536
2018-08-31 00:00,0.101,0.103,0.099,0.102,150820510
2018-09-03 00:00,0.105,0.106,0.102,0.104,112188217
2018-09-04 00:00,0.104,0.107,0.103,0.105,140038529
2018-09-05 00:00,0.105,0.106,0.086,0.086,235189168
2018-09-06 00:00,0.086,0.089,0.081,0.088,183458819
2018-09-07 00:00,0.088,0.089,0.081,0.083,135249083
2018-09-10 00:00,0.076,0.079,0.067,0.073,173188453
2018-09-11 00:00,0.073,0.075,0.066,0.07,181972691
2018-09-12 00:00,0.07,0.07,0.061,0.066,283607661
2018-09-13 00:00,0.066,0.072,0.065,0.07,317801504
2018-09-14 00:00,0.07,0.071,0.065,0.067,234221679
2018-09-17 00:00,0.07,0.07,0.063,0.063,203297591
2018-09-18 00:00,0.063,0.07,0.062,0.069,236846170
2018-09-19 00:00,0.069,0.074,0.066,0.072,365958556
2018-09-20 00:00,0.072,0.084,0.071,0.081,330838123
2018-09-21 00:00,0.081,0.09,0.081,0.088,551641848
2018-09-24 00:00,0.09,0.092,0.081,0.082,323249810
2018-09-25 00:00,0.082,0.082,0.074,0.081,328241890
2018-09-26 00:00,0.081,0.083,0.076,0.079,254963296
2018-09-27 00:00,0.079,0.089,0.078,0.086,346873580
2018-09-28 00:00,0.086,0.089,0.081,0.084,316240882
2018-10-01 00:00,0.085,0.087,0.082,0.085,136128547
2018-10-02 00:00,0.085,0.085,0.082,0.082,133043312
2018-10-03 00:00,0.082,0.082,0.078,0.081,146109539
2018-10-04 00:00,0.081,0.083,0.08,0.082,123500332
2018-10-05 00:00,0.082,0.085,0.08,0.083,117646735
2018-10-08 00:00,0.085,0.089,0.083,0.087,182425387
2018-10-09 00:00,0.087,0.088,0.085,0.087,134872548
2018-10-10 00:00,0.087,0.087,0.084,0.085,131687986
2018-10-11 00:00,0.085,0.085,0.069,0.071,264191256
2018-10-12 00:00,0.071,0.077,0.07,0.073,163124701
2018-10-15 00:00,0.072,0.085,0.07,0.077,301872222
2018-10-16 00:00,0.077,0.079,0.076,0.078,115794175
2018-10-17 00:00,0.078,0.081,0.077,0.08,131284077
2018-10-18 00:00,0.08,0.081,0.075,0.077,127667994
2018-10-19 00:00,0.077,0.078,0.076,0.077,79407761
2018-10-22 00:00,0.077,0.078,0.076,0.077,65297303
2018-10-23 00:00,0.077,0.078,0.074,0.076,55448296
2018-10-24 00:00,0.076,0.077,0.075,0.075,41098579
2018-10-25 00:00,0.075,0.076,0.074,0.075,32103975
2018-10-26 00:00,0.075,0.075,0.073,0.075,29996822
2018-10-29 00:00,0.074,0.074,0.069,0.07,59442978
2018-10-30 00:00,0.07,0.071,0.07,0.07,28837110
2018-10-31 00:00,0.07,0.072,0.068,0.071,45075821
2018-11-01 00:00,0.071,0.072,0.07,0.071,30472564
2018-11-02 00:00,0.071,0.074,0.071,0.073,39046992
2018-11-05 00:00,0.077,0.079,0.075,0.077,64247609
2018-11-06 00:00,0.077,0.082,0.077,0.082,104955406
2018-11-07 00:00,0.082,0.083,0.078,0.079,100250238
2018-11-08 00:00,0.079,0.08,0.076,0.077,94093855
2018-11-09 00:00,0.077,0.078,0.074,0.075,61234427
2018-11-12 00:00,0.077,0.078,0.076,0.077,49381696
2018-11-13 00:00,0.077,0.077,0.074,0.075,46946601
2018-11-14 00:00,0.075,0.075,0.062,0.067,158251259
2018-11-15 00:00,0.067,0.067,0.058,0.064,191874048
2018-11-16 00:00,0.064,0.065,0.06,0.061,91253413
2018-11-19 00:00,0.062,0.062,0.051,0.053,212725833
2018-11-20 00:00,0.053,0.053,0.043,0.046,368762685
2018-11-21 00:00,0.046,0.05,0.043,0.048,215533456
2018-11-22 00:00,0.048,0.049,0.044,0.044,105720824
2018-11-23 00:00,0.044,0.045,0.042,0.044,136540592
2018-11-26 00:00,0.038,0.04,0.035,0.037,267212221
2018-11-27 00:00,0.037,0.038,0.034,0.037,156122051
2018-11-28 00:00,0.037,0.044,0.037,0.042,327311601
2018-11-29 00:00,0.042,0.045,0.04,0.042,243467577
2018-11-30 00:00,0.042,0.043,0.038,0.039,186391607
2018-12-03 00:00,0.042,0.042,0.038,0.038,145293553
2018-12-04 00:00,0.038,0.04,0.037,0.038,162431817
2018-12-05 00:00,0.038,0.038,0.034,0.034,246623184
2018-12-06 00:00,0.034,0.036,0.031,0.031,208988835
2018-12-07 00:00,0.031,0.031,0.027,0.03,266226883
2018-12-10 00:00,0.031,0.032,0.029,0.03,122187872
2018-12-11 00:00,0.03,0.03,0.029,0.029,95211784
2018-12-12 00:00,0.029,0.031,0.029,0.03,89020000
2018-12-13 00:00,0.03,0.031,0.029,0.029,94079398
2018-12-14 00:00,0.029,0.03,0.028,0.028,81044558
2018-12-17 00:00,0.029,0.034,0.029,0.032,202451996
2018-12-18 00:00,0.032,0.035,0.031,0.034,203968457
2018-12-19 00:00,0.034,0.038,0.034,0.034,315224613
2018-12-20 00:00,0.034,0.04,0.033,0.039,324925676
2018-12-21 00:00,0.039,0.045,0.038,0.04,453341025
2018-12-24 00:00,0.044,0.049,0.044,0.045,335985823
2018-12-25 00:00,0.045,0.045,0.038,0.041,268928044
2018-12-26 00:00,0.041,0.043,0.038,0.041,186196174
2018-12-27 00:00,0.041,0.041,0.035,0.036,166425627
2018-12-28 00:00,0.036,0.042,0.036,0.041,174637298
2018-12-31 00:00,0.043,0.043,0.04,0.041,148310438
2019-01-01 00:00,0.041,0.042,0.04,0.042,109890361
2019-01-02 00:00,0.042,0.045,0.041,0.044,161683702
2019-01-03 00:00,0.044,0.045,0.042,0.042,153417532
2019-01-04 00:00,0.042,0.044,0.042,0.043,101638606
2019-01-07 00:00,0.048,0.05,0.047,0.048,266672521
2019-01-08 00:00,0.048,0.05,0.046,0.048,203734062
2019-01-09 00:00,0.048,0.052,0.048,0.051,264448245
2019-01-10 00:00,0.051,0.054,0.041,0.044,467704328
2019-01-11 00:00,0.044,0.044,0.042,0.043,239944282
2019-01-14 00:00,0.039,0.044,0.039,0.043,189792018
2019-01-15 00:00,0.043,0.044,0.041,0.042,153740841
2019-01-16 00:00,0.042,0.045,0.042,0.044,185866383
2019-01-17 00:00,0.044,0.046,0.043,0.045,230363706
2019-01-18 00:00,0.045,0.045,0.043,0.044,92737439
2019-01-21 00:00,0.043,0.043,0.042,0.043,85588349
2019-01-22 00:00,0.042,0.044,0.041,0.043,121953864
2019-01-23 00:00,0.043,0.044,0.042,0.043,85117017
2019-01-24 00:00,0.043,0.043,0.042,0.043,57451816
2019-01-25 00:00,0.043,0.043,0.042,0.042,42081930
2019-01-28 00:00,0.041,0.041,0.037,0.039,183511181
2019-01-29 00:00,0.039,0.04,0.037,0.038,128453969
2019-01-30 00:00,0.038,0.04,0.037,0.04,113578972
2019-01-31 00:00,0.04,0.04,0.038,0.038,98609388
2019-02-01 00:00,0.038,0.039,0.037,0.039,78655371
2019-02-04 00:00,0.038,0.039,0.038,0.038,48309954
2019-02-05 00:00,0.038,0.039,0.038,0.038,54889893
2019-02-06 00:00,0.038,0.038,0.036,0.037,102386221
2019-02-07 00:00,0.037,0.037,0.036,0.036,53253201
2019-02-08 00:00,0.036,0.043,0.036,0.041,173766116
2019-02-11 00:00,0.043,0.043,0.041,0.042,86417155
2019-02-12 00:00,0.042,0.042,0.041,0.042,84242853
2019-02-13 00:00,0.042,0.042,0.041,0.041,57116639
2019-02-14 00:00,0.041,0.041,0.04,0.04,54153310
2019-02-15 00:00,0.04,0.042,0.04,0.041,51453066
2019-02-18 00:00,0.042,0.047,0.041,0.046,238145184
2019-02-19 00:00,0.046,0.049,0.045,0.046,262933325
2019-02-20 00:00,0.046,0.048,0.045,0.047,164477492
2019-02-21 00:00,0.047,0.048,0.044,0.045,144701054
2019-02-22 00:00,0.045,0.046,0.045,0.046,103272811
2019-02-25 00:00,0.042,0.044,0.042,0.044,156622978
2019-02-26 00:00,0.044,0.044,0.042,0.043,102899033
2019-02-27 00:00,0.043,0.043,0.041,0.043,98307668
2019-02-28 00:00,0.043,0.044,0.042,0.043,78568820
2019-03-01 00:00,0.043,0.044,0.043,0.043,51365078
2019-03-04 00:00,0.042,0.042,0.039,0.04,95476414
2019-03-05 00:00,0.04,0.043,0.04,0.043,120716996
2019-03-06 00:00,0.043,0.043,0.042,0.043,75795696
2019-03-07 00:00,0.043,0.043,0.042,0.043,89651434
2019-03-08 00:00,0.043,0.044,0.042,0.042,98809810
2019-03-11 00:00,0.046,0.048,0.045,0.047,239243403
2019-03-12 00:00,0.047,0.048,0.046,0.047,157608923
2019-03-13 00:00,0.047,0.049,0.046,0.046,127808113
2019-03-14 00:00,0.046,0.048,0.046,0.048,125114202
2019-03-15 00:00,0.048,0.051,0.048,0.05,206134866
2019-03-18 00:00,0.05,0.051,0.049,0.05,102861083
2019-03-19 00:00,0.05,0.053,0.049,0.052,155912328
2019-03-20 00:00,0.052,0.054,0.051,0.054,185610792
2019-03-21 00:00,0.054,0.055,0.05,0.052,286797524
2019-03-22 00:00,0.052,0.059,0.052,0.058,421719624
2019-03-25 00:00,0.061,0.062,0.056,0.059,313417505
2019-03-26 00:00,0.059,0.062,0.059,0.062,268879586
2019-03-27 00:00,0.062,0.068,0.061,0.067,373335054
2019-03-28 00:00,0.067,0.067,0.064,0.066,195106283
2019-03-29 00:00,0.066,0.073,0.065,0.071,330715548
2019-04-01 00:00,0.07,0.073,0.069,0.072,162776274
2019-04-02 00:00,0.072,0.085,0.071,0.085,492665589
2019-04-03 00:00,0.085,0.1,0.082,0.091,789334895
2019-04-04 00:00,0.091,0.094,0.082,0.087,490305279
2019-04-05 00:00,0.087,0.092,0.087,0.09,222441712
2019-04-08 00:00,0.09,0.092,0.081,0.086,262397979
2019-04-09 00:00,0.086,0.086,0.08,0.083,215892629
2019-04-10 00:00,0.083,0.092,0.083,0.089,227923428
2019-04-11 00:00,0.089,0.09,0.076,0.083,321208890
2019-04-12 00:00,0.083,0.085,0.079,0.083,173511594
2019-04-15 00:00,0.084,0.085,0.08,0.082,101997463
2019-04-16 00:00,0.082,0.083,0.079,0.083,79057850
2019-04-17 00:00,0.083,0.084,0.081,0.082,77911450
2019-04-18 00:00,0.082,0.083,0.081,0.081,109190752
2019-04-19 00:00,0.081,0.081,0.075,0.079,160004108
2019-04-22 00:00,0.073,0.079,0.071,0.078,178300977
2019-04-23 00:00,0.078,0.08,0.073,0.074,210632108
2019-04-24 00:00,0.074,0.075,0.068,0.072,218875436
2019-04-25 00:00,0.072,0.076,0.068,0.07,195778128
2019-04-26 00:00,0.07,0.073,0.067,0.07,163212011
2019-04-29 00:00,0.069,0.069,0.064,0.065,90658045
2019-04-30 00:00,0.065,0.07,0.065,0.07,78371619
2019-05-01 00:00,0.07,0.071,0.067,0.069,68846658
2019-05-02 00:00,0.069,0.07,0.068,0.069,56421986
2019-05-03 00:00,0.068,0.072,0.067,0.07,155443315
2019-05-06 00:00,0.066,0.069,0.063,0.067,97618364
2019-05-07 00:00,0.067,0.069,0.064,0.064,92764557
2019-05-08 00:00,0.064,0.065,0.062,0.065,68616774
2019-05-09 00:00,0.065,0.065,0.06,0.062,92540784
2019-05-10 00:00,0.062,0.065,0.059,0.063,157842348
2019-05-13 00:00,0.07,0.076,0.069,0.073,215072312
2019-05-14 00:00,0.073,0.085,0.072,0.084,358405148
2019-05-15 00:00,0.084,0.095,0.083,0.094,231427727
2019-05-16 00:00,0.094,0.101,0.083,0.088,462807380
2019-05-17 00:00,0.088,0.091,0.076,0.083,358077577
2019-05-20 00:00,0.086,0.087,0.079,0.084,216348952
2019-05-21 00:00,0.084,0.086,0.082,0.084,130576950
2019-05-22 00:00,0.084,0.085,0.077,0.077,133119777
2019-05-23 00:00,0.077,0.084,0.074,0.08,146147306
2019-05-24 00:00,0.08,0.083,0.078,0.081,134042386
2019-05-27 00:00,0.085,0.094,0.084,0.09,219214072
2019-05-28 00:00,0.09,0.094,0.087,0.093,189364812
2019-05-29 00:00,0.093,0.094,0.085,0.091,186809522
2019-05-30 00:00,0.091,0.097,0.08,0.084,340702131
2019-05-31 00:00,0.084,0.09,0.081,0.089,163350873
2019-06-03 00:00,0.096,0.098,0.087,0.087,306468437
2019-06-04 00:00,0.087,0.088,0.079,0.082,265350485
2019-06-05 00:00,0.082,0.084,0.079,0.083,104510695
2019-06-06 00:00,0.083,0.084,0.078,0.083,135731460
2019-06-07 00:00,0.083,0.087,0.082,0.085,106111374
2019-06-10 00:00,0.079,0.085,0.078,0.085,113293934
2019-06-11 00:00,0.085,0.089,0.082,0.087,166377732
2019-06-12 00:00,0.087,0.096,0.086,0.096,305886626
2019-06-13 00:00,0.096,0.097,0.088,0.09,237448945
2019-06-14 00:00,0.09,0.091,0.085,0.09,188544493
2019-06-17 00:00,0.092,0.094,0.091,0.093,85012361
2019-06-18 00:00,0.093,0.094,0.088,0.089,100161304
2019-06-19 00:00,0.089,0.092,0.088,0.09,61372731
2019-06-20 00:00,0.09,0.09,0.085,0.087,119567408
2019-06-21 00:00,0.087,0.091,0.087,0.089,142175977
2019-06-24 00:00,0.097,0.1,0.094,0.098,173987165
2019-06-25 00:00,0.098,0.098,0.094,0.097,138542291
2019-06-26 00:00,0.097,0.107,0.095,0.098,475065821
2019-06-27 00:00,0.098,0.1,0.083,0.086,312714764
2019-06-28 00:00,0.086,0.089,0.085,0.089,188562937
2019-07-01 00:00,0.082,0.086,0.08,0.084,130567073
2019-07-02 00:00,0.084,0.084,0.077,0.081,181051207
2019-07-03 00:00,0.081,0.083,0.079,0.082,126961656
2019-07-04 00:00,0.082,0.082,0.077,0.077,100222940
2019-07-05 00:00,0.077,0.078,0.076,0.076,62936484
2019-07-08 00:00,0.08,0.082,0.079,0.08,84701779
2019-07-09 00:00,0.08,0.081,0.077,0.078,77997405
2019-07-10 00:00,0.078,0.078,0.069,0.072,129284167
2019-07-11 00:00,0.072,0.072,0.062,0.065,143858545
2019-07-12 00:00,0.065,0.071,0.063,0.069,102400634
2019-07-15 00:00,0.059,0.06,0.055,0.059,154031564
2019-07-16 00:00,0.059,0.061,0.05,0.052,154418313
2019-07-17 00:00,0.052,0.058,0.05,0.055,143917009
2019-07-18 00:00,0.055,0.06,0.053,0.058,127563602
2019-07-19 00:00,0.058,0.061,0.056,0.06,84917382
2019-07-22 00:00,0.061,0.062,0.058,0.059,66144763
2019-07-23 00:00,0.059,0.06,0.055,0.056,80784609
2019-07-24 00:00,0.056,0.059,0.054,0.059,97796885
2019-07-25 00:00,0.059,0.061,0.057,0.059,78359411
2019-07-26 00:00,0.059,0.063,0.057,0.063,105912010
2019-07-29 00:00,0.059,0.063,0.058,0.06,71237125
2019-07-30 00:00,0.06,0.061,0.059,0.06,50580102
2019-07-31 00:00,0.06,0.061,0.059,0.06,85023620
2019-08-01 00:00,0.06,0.06,0.058,0.059,67797331
2019-08-02 00:00,0.059,0.059,0.056,0.057,74752214
2019-08-05 00:00,0.056,0.058,0.056,0.056,95585591
2019-08-06 00:00,0.057,0.057,0.053,0.054,93915211
2019-08-07 00:00,0.053,0.054,0.051,0.052,91400805
2019-08-08 00:00,0.052,0.053,0.05,0.052,95176914
2019-08-09 00:00,0.052,0.052,0.047,0.048,97693325
2019-08-12 00:00,0.055,0.055,0.053,0.053,62731488
2019-08-13 00:00,0.053,0.053,0.049,0.053,95581924
2019-08-14 00:00,0.053,0.054,0.047,0.047,125164242
2019-08-15 00:00,0.047,0.048,0.046,0.047,56270397
2019-08-16 00:00,0.047,0.048,0.045,0.047,81990241
2019-08-19 00:00,0.051,0.051,0.049,0.05,48116904
2019-08-20 00:00,0.05,0.05,0.049,0.049,58806749
2019-08-21 00:00,0.049,0.049,0.046,0.047,61231623
2019-08-22 00:00,0.047,0.051,0.047,0.049,110176324
2019-08-23 00:00,0.049,0.05,0.049,0.05,82828702
2019-08-26 00:00,0.049,0.051,0.049,0.05,91817783
2019-08-27 00:00,0.05,0.05,0.048,0.05,41102657
2019-08-28 00:00,0.05,0.05,0.045,0.046,97100893
2019-08-29 00:00,0.046,0.046,0.043,0.045,89451647
2019-08-30 00:00,0.045,0.046,0.044,0.045,46699751
2019-09-02 00:00,0.044,0.046,0.043,0.045,74053971
2019-09-03 00:00,0.045,0.047,0.044,0.047,120798381
2019-09-04 00:00,0.047,0.047,0.045,0.045,58244982
2019-09-05 00:00,0.045,0.045,0.044,0.044,57847226
2019-09-06 00:00,0.044,0.045,0.043,0.044,98700710
2019-09-09 00:00,0.047,0.047,0.045,0.047,86490783
2019-09-10 00:00,0.047,0.048,0.046,0.046,102691680
2019-09-11 00:00,0.046,0.047,0.044,0.045,85563328
2019-09-12 00:00,0.045,0.046,0.044,0.045,72897264
2019-09-13 00:00,0.045,0.046,0.045,0.046,37491950
2019-09-16 00:00,0.047,0.047,0.046,0.047,71756340
2019-09-17 00:00,0.047,0.051,0.047,0.049,182955245
2019-09-18 00:00,0.049,0.056,0.049,0.053,377025191
2019-09-19 00:00,0.053,0.055,0.049,0.052,309027639
2019-09-20 00:00,0.052,0.053,0.05,0.053,187591230
2019-09-23 00:00,0.049,0.049,0.046,0.046,208854138
2019-09-24 00:00,0.046,0.047,0.035,0.037,437517932
2019-09-25 00:00,0.037,0.04,0.036,0.039,264300785
2019-09-26 00:00,0.039,0.04,0.035,0.038,257302918
2019-09-27 00:00,0.038,0.04,0.037,0.039,149906641
2019-09-30 00:00,0.037,0.039,0.036,0.039,184102999
2019-10-01 00:00,0.039,0.04,0.038,0.038,109847418
2019-10-02 00:00,0.038,0.039,0.038,0.039,93483039
2019-10-03 00:00,0.039,0.04,0.037,0.038,137043912
2019-10-04 00:00,0.038,0.04,0.037,0.039,170576050
2019-10-07 00:00,0.039,0.042,0.038,0.041,255365332
2019-10-08 00:00,0.041,0.042,0.04,0.041,162484401
2019-10-09 00:00,0.041,0.043,0.041,0.042,186972542
2019-10-10 00:00,0.042,0.043,0.041,0.042,153063473
2019-10-11 00:00,0.042,0.042,0.04,0.04,201630023
2019-10-14 00:00,0.041,0.042,0.041,0.042,125628716
2019-10-15 00:00,0.042,0.042,0.039,0.04,132935183
2019-10-16 00:00,0.04,0.04,0.038,0.038,123366710
2019-10-17 00:00,0.038,0.039,0.038,0.039,98875166
2019-10-18 00:00,0.039,0.04,0.037,0.038,103580862
2019-10-21 00:00,0.039,0.039,0.038,0.039,86919628
2019-10-22 00:00,0.039,0.04,0.039,0.039,99050657
2019-10-23 00:00,0.039,0.039,0.035,0.036,160888342
2019-10-24 00:00,0.036,0.038,0.036,0.037,129205724
2019-10-25 00:00,0.037,0.042,0.037,0.041,259632480
2019-10-28 00:00,0.042,0.045,0.042,0.042,249944687
2019-10-29 00:00,0.042,0.044,0.042,0.043,147292836
2019-10-30 00:00,0.043,0.045,0.041,0.042,175888562
2019-10-31 00:00,0.042,0.042,0.04,0.041,147006696
2019-11-01 00:00,0.041,0.043,0.041,0.042,110430830
2019-11-04 00:00,0.042,0.043,0.041,0.043,104623860
2019-11-05 00:00,0.043,0.045,0.043,0.044,180562902
2019-11-06 00:00,0.044,0.046,0.044,0.045,145972915
2019-11-07 00:00,0.045,0.045,0.043,0.043,137269590
2019-11-08 00:00,0.043,0.044,0.041,0.042,141076759
2019-11-11 00:00,0.044,0.044,0.042,0.043,100718091
2019-11-12 00:00,0.043,0.045,0.043,0.044,149899380
2019-11-13 00:00,0.044,0.044,0.043,0.043,76536973
2019-11-14 00:00,0.043,0.043,0.042,0.043,78278988
2019-11-15 00:00,0.043,0.045,0.042,0.044,137154509
2019-11-18 00:00,0.045,0.046,0.043,0.043,233839591
2019-11-19 00:00,0.043,0.043,0.041,0.042,184193303
2019-11-20 00:00,0.042,0.042,0.04,0.041,124310256
2019-11-21 00:00,0.041,0.041,0.037,0.038,167159503
2019-11-22 00:00,0.038,0.039,0.034,0.037,328051506
2019-11-25 00:00,0.035,0.037,0.032,0.036,296320459
2019-11-26 00:00,0.036,0.037,0.035,0.037,136411392
2019-11-27 00:00,0.037,0.04,0.035,0.039,213560098
2019-11-28 00:00,0.039,0.04,0.038,0.039,151630829
2019-11-29 00:00,0.039,0.042,0.039,0.041,320180540
2019-12-02 00:00,0.04,0.04,0.037,0.038,113838217
2019-12-03 00:00,0.038,0.039,0.037,0.038,82238819
2019-12-04 00:00,0.038,0.039,0.036,0.037,178443740
2019-12-05 00:00,0.037,0.038,0.037,0.038,89419362
2019-12-06 00:00,0.038,0.038,0.037,0.038,66484794
2019-12-09 00:00,0.039,0.039,0.037,0.037,91008222
2019-12-10 00:00,0.037,0.038,0.036,0.036,89015272
2019-12-11 00:00,0.036,0.037,0.036,0.037,58260522
2019-12-12 00:00,0.037,0.037,0.036,0.037,85078117
2019-12-13 00:00,0.036,0.037,0.036,0.037,73264763
2019-12-16 00:00,0.036,0.037,0.033,0.034,116089389
2019-12-17 00:00,0.034,0.034,0.031,0.032,181766664
2019-12-18 00:00,0.032,0.035,0.03,0.034,192989062
2019-12-19 00:00,0.034,0.035,0.033,0.033,121536919
2019-12-20 00:00,0.033,0.034,0.033,0.034,87145871
2019-12-23 00:00,0.034,0.035,0.033,0.033,101551509
2019-12-24 00:00,0.033,0.035,0.033,0.034,116934808
2019-12-25 00:00,0.034,0.034,0.033,0.033,46135859
2019-12-26 00:00,0.033,0.035,0.033,0.034,78416188
2019-12-27 00:00,0.034,0.034,0.032,0.033,167023278
2019-12-30 00:00,0.034,0.034,0.033,0.033,52316748
2019-12-31 00:00,0.033,0.034,0.033,0.033,45408678
2020-01-01 00:00,0.033,0.034,0.033,0.033,29827429
2020-01-02 00:00,0.033,0.033,0.032,0.033,42826475
2020-01-03 00:00,0.033,0.034,0.032,0.034,102581069
2020-01-06 00:00,0.035,0.037,0.034,0.037,131688825
2020-01-07 00:00,0.037,0.038,0.036,0.037,210380692
2020-01-08 00:00,0.037,0.039,0.036,0.036,228408580
2020-01-09 00:00,0.036,0.036,0.035,0.036,86372634
2020-01-10 00:00,0.036,0.037,0.035,0.037,160265720
2020-01-13 00:00,0.038,0.038,0.037,0.037,48213309
2020-01-14 00:00,0.037,0.043,0.037,0.042,436406197
2020-01-15 00:00,0.042,0.043,0.04,0.043,317415272
2020-01-16 00:00,0.043,0.043,0.04,0.042,167386752
2020-01-17 00:00,0.042,0.046,0.041,0.045,352746251
2020-01-20 00:00,0.042,0.044,0.042,0.044,168161796
2020-01-21 00:00,0.044,0.047,0.043,0.046,276447741
2020-01-22 00:00,0.046,0.047,0.045,0.046,130329930
2020-01-23 00:00,0.046,0.046,0.042,0.043,196962934
2020-01-24 00:00,0.043,0.045,0.041,0.045,208401187
2020-01-27 00:00,0.045,0.049,0.044,0.048,301036059
2020-01-28 00:00,0.048,0.055,0.047,0.053,720874446
2020-01-29 00:00,0.053,0.058,0.053,0.053,549284154
2020-01-30 00:00,0.053,0.057,0.052,0.056,440823416
2020-01-31 00:00,0.056,0.057,0.052,0.054,433767526
2020-02-03 00:00,0.056,0.058,0.055,0.057,293324491
2020-02-04 00:00,0.057,0.058,0.054,0.056,290866603
2020-02-05 00:00,0.056,0.06,0.056,0.059,340602241
2020-02-06 00:00,0.059,0.061,0.058,0.06,349428048
2020-02-07 00:00,0.06,0.063,0.059,0.06,291231952
2020-02-10 00:00,0.062,0.062,0.058,0.06,261446226
2020-02-11 00:00,0.06,0.064,0.059,0.063,272124522
2020-02-12 00:00,0.063,0.07,0.063,0.068,457749366
2020-02-13 00:00,0.068,0.072,0.065,0.069,517671412
2020-02-14 00:00,0.069,0.071,0.067,0.071,299319010
2020-02-17 00:00,0.061,0.063,0.056,0.06,444539720
2020-02-18 00:00,0.06,0.064,0.058,0.063,397629006
2020-02-19 00:00,0.063,0.063,0.057,0.057,243037190
2020-02-20 00:00,0.057,0.059,0.055,0.058,307618892
2020-02-21 00:00,0.058,0.06,0.057,0.059,207696122
2020-02-24 00:00,0.061,0.062,0.057,0.059,239584308
2020-02-25 00:00,0.059,0.059,0.056,0.056,252035029
2020-02-26 00:00,0.056,0.057,0.047,0.049,628740660
2020-02-27 00:00,0.049,0.052,0.046,0.05,396151367
2020-02-28 00:00,0.05,0.051,0.047,0.049,341622405
2020-03-02 00:00,0.046,0.05,0.045,0.049,245027415
2020-03-03 00:00,0.049,0.049,0.047,0.049,210562479
2020-03-04 00:00,0.049,0.05,0.048,0.049,212432467
2020-03-05 00:00,0.049,0.052,0.049,0.051,239400291
2020-03-06 00:00,0.051,0.052,0.05,0.052,166677811
2020-03-09 00:00,0.043,0.044,0.039,0.042,453024410
2020-03-10 00:00,0.042,0.043,0.04,0.041,362267339
2020-03-11 00:00,0.041,0.042,0.037,0.04,370400659
2020-03-12 00:00,0.04,0.04,0.022,0.023,1182129755
2020-03-13 00:00,0.023,0.029,0.018,0.028,1313130208
2020-03-16 00:00,0.027,0.027,0.022,0.024,695930410
2020-03-17 00:00,0.024,0.027,0.024,0.026,389737147
2020-03-18 00:00,0.026,0.027,0.024,0.026,302852202
2020-03-19 00:00,0.026,0.032,0.026,0.03,509780660
2020-03-20 00:00,0.03,0.034,0.027,0.029,685475551
2020-03-23 00:00,0.027,0.03,0.027,0.029,352778460
2020-03-24 00:00,0.029,0.03,0.029,0.03,283748079
2020-03-25 00:00,0.03,0.03,0.029,0.029,251249356
2020-03-26 00:00,0.029,0.031,0.029,0.031,211455009
2020-03-27 00:00,0.031,0.031,0.028,0.029,255624987
2020-03-30 00:00,0.028,0.03,0.028,0.03,224863626
2020-03-31 00:00,0.03,0.031,0.03,0.03,166957977
2020-04-01 00:00,0.03,0.031,0.029,0.031,245444069
2020-04-02 00:00,0.031,0.034,0.031,0.032,297957927
2020-04-03 00:00,0.032,0.033,0.032,0.032,212823639
2020-04-06 00:00,0.032,0.036,0.032,0.036,350807989
2020-04-07 00:00,0.036,0.037,0.035,0.035,338110810
2020-04-08 00:00,0.035,0.037,0.035,0.036,220316038
2020-04-09 00:00,0.036,0.037,0.035,0.036,158350228
2020-04-10 00:00,0.036,0.036,0.032,0.033,297588603
2020-04-13 00:00,0.033,0.034,0.032,0.033,235859777
2020-04-14 00:00,0.033,0.034,0.033,0.033,133269283
2020-04-15 00:00,0.033,0.034,0.032,0.032,132455185
2020-04-16 00:00,0.032,0.035,0.031,0.034,322667225
2020-04-17 00:00,0.034,0.035,0.034,0.034,127554062
2020-04-20 00:00,0.035,0.037,0.034,0.034,276214676
2020-04-21 00:00,0.034,0.035,0.034,0.035,167833901
2020-04-22 00:00,0.035,0.037,0.034,0.037,130950885
2020-04-23 00:00,0.037,0.043,0.036,0.041,531657397
2020-04-24 00:00,0.041,0.045,0.041,0.042,503750387
2020-04-27 00:00,0.046,0.048,0.044,0.046,477381253
2020-04-28 00:00,0.046,0.048,0.046,0.047,323250572
2020-04-29 00:00,0.047,0.052,0.047,0.051,514603547
2020-04-30 00:00,0.051,0.054,0.047,0.048,776031342
2020-05-01 00:00,0.048,0.052,0.047,0.051,348040898
2020-05-04 00:00,0.049,0.05,0.046,0.049,485261776
2020-05-05 00:00,0.049,0.051,0.049,0.049,277355090
2020-05-06 00:00,0.049,0.051,0.049,0.049,263316427
2020-05-07 00:00,0.049,0.052,0.048,0.051,301296910
2020-05-08 00:00,0.051,0.054,0.051,0.052,338982989
2020-05-11 00:00,0.048,0.05,0.045,0.048,535212993
2020-05-12 00:00,0.048,0.051,0.048,0.05,371485455
2020-05-13 00:00,0.05,0.052,0.05,0.051,277659900
2020-05-14 00:00,0.051,0.052,0.05,0.051,275887099
2020-05-15 00:00,0.051,0.052,0.05,0.05,254093505
2020-05-18 00:00,0.051,0.055,0.051,0.054,359909290
2020-05-19 00:00,0.054,0.057,0.053,0.057,294210883
2020-05-20 00:00,0.057,0.058,0.054,0.057,327190015
2020-05-21 00:00,0.057,0.058,0.05,0.052,410702706
2020-05-22 00:00,0.052,0.057,0.051,0.056,358164980
2020-05-25 00:00,0.051,0.054,0.051,0.054,282415989
2020-05-26 00:00,0.054,0.054,0.052,0.054,218137980
2020-05-27 00:00,0.054,0.056,0.053,0.055,270628173
2020-05-28 00:00,0.055,0.068,0.055,0.065,714718771
2020-05-29 00:00,0.065,0.067,0.063,0.065,591929056
2020-06-01 00:00,0.074,0.083,0.073,0.081,1059683239
2020-06-02 00:00,0.081,0.082,0.071,0.079,807890993
2020-06-03 00:00,0.079,0.086,0.077,0.086,746675624
2020-06-04 00:00,0.086,0.09,0.083,0.089,876595836
2020-06-05 00:00,0.089,0.089,0.084,0.085,480984893
2020-06-08 00:00,0.087,0.087,0.085,0.086,216779890
2020-06-09 00:00,0.086,0.087,0.083,0.083,228581206
2020-06-10 00:00,0.083,0.084,0.079,0.084,447331701
2020-06-11 00:00,0.084,0.085,0.073,0.075,523976404
2020-06-12 00:00,0.075,0.081,0.075,0.079,323950746
2020-06-15 00:00,0.076,0.08,0.069,0.078,618344247
2020-06-16 00:00,0.078,0.08,0.077,0.079,292089284
2020-06-17 00:00,0.079,0.084,0.077,0.083,470477541
2020-06-18 00:00,0.084,0.085,0.08,0.082,316838181
2020-06-19 00:00,0.082,0.082,0.078,0.08,273185156
2020-06-22 00:00,0.078,0.084,0.078,0.084,236593785
2020-06-23 00:00,0.084,0.084,0.082,0.083,173136143
2020-06-24 00:00,0.083,0.087,0.08,0.083,431553671
2020-06-25 00:00,0.083,0.084,0.079,0.082,256346413
2020-06-26 00:00,0.082,0.082,0.079,0.081,189443315
2020-06-29 00:00,0.08,0.084,0.08,0.084,322000925
2020-06-30 00:00,0.084,0.085,0.082,0.083,196547551
2020-07-01 00:00,0.083,0.097,0.082,0.097,627920460
2020-07-02 00:00,0.097,0.097,0.087,0.093,745942301
2020-07-03 00:00,0.093,0.102,0.092,0.097,690799851
2020-07-06 00:00,0.098,0.107,0.097,0.105,473375213
2020-07-07 00:00,0.105,0.119,0.103,0.118,775869755
2020-07-08 00:00,0.118,0.139,0.115,0.13,1587749637
2020-07-09 00:00,0.13,0.13,0.117,0.124,893825657
2020-07-10 00:00,0.124,0.124,0.11,0.118,808057781
2020-07-13 00:00,0.127,0.136,0.121,0.124,688293174
2020-07-14 00:00,0.124,0.135,0.121,0.133,573751850
2020-07-15 00:00,0.133,0.133,0.127,0.131,370682372
2020-07-16 00:00,0.131,0.133,0.118,0.126,607317669
2020-07-17 00:00,0.126,0.127,0.122,0.122,269816319
2020-07-20 00:00,0.124,0.124,0.115,0.118,253190473
2020-07-21 00:00,0.118,0.125,0.117,0.123,260880739
2020-07-22 00:00,0.123,0.125,0.12,0.124,167277861
2020-07-23 00:00,0.124,0.126,0.123,0.124,233344444
2020-07-24 00:00,0.124,0.124,0.121,0.122,185179325
2020-07-27 00:00,0.148,0.15,0.13,0.139,1006112631
2020-07-28 00:00,0.139,0.151,0.134,0.149,715760849
2020-07-29 00:00,0.149,0.15,0.138,0.14,537845021
2020-07-30 00:00,0.14,0.143,0.137,0.141,320531571
2020-07-31 00:00,0.141,0.141,0.136,0.139,257427002
2020-08-03 00:00,0.134,0.139,0.132,0.137,255391297
2020-08-04 00:00,0.137,0.148,0.136,0.143,405429716
2020-08-05 00:00,0.143,0.145,0.14,0.142,247854534
2020-08-06 00:00,0.142,0.146,0.14,0.144,279832965
2020-08-07 00:00,0.144,0.147,0.133,0.139,335278018
2020-08-10 00:00,0.145,0.147,0.142,0.144,338241397
2020-08-11 00:00,0.144,0.145,0.131,0.137,335301755
2020-08-12 00:00,0.137,0.138,0.123,0.137,409416054
2020-08-13 00:00,0.137,0.142,0.132,0.139,370696740
2020-08-14 00:00,0.139,0.141,0.137,0.138,236113138
2020-08-17 00:00,0.139,0.145,0.137,0.14,385519534
2020-08-18 00:00,0.14,0.144,0.134,0.137,265797247
2020-08-19 00:00,0.137,0.138,0.126,0.13,344298342
2020-08-20 00:00,0.13,0.135,0.126,0.134,243493688
2020-08-21 00:00,0.134,0.134,0.121,0.123,325572536
2020-08-24 00:00,0.121,0.127,0.12,0.124,192049676
2020-08-25 00:00,0.124,0.124,0.105,0.112,538469271
2020-08-26 00:00,0.112,0.118,0.11,0.114,291146036
2020-08-27 00:00,0.114,0.116,0.102,0.107,397313740
2020-08-28 00:00,0.107,0.112,0.106,0.109,254837486
2020-08-31 00:00,0.117,0.127,0.113,0.123,459272471
2020-09-01 00:00,0.123,0.128,0.119,0.124,330906830
2020-09-02 00:00,0.124,0.126,0.11,0.115,399997932
2020-09-03 00:00,0.115,0.117,0.092,0.094,621880744
2020-09-04 00:00,0.094,0.104,0.092,0.102,764723671
2020-09-07 00:00,0.093,0.094,0.086,0.094,382261981
2020-09-08 00:00,0.094,0.097,0.088,0.091,413411616
2020-09-09 00:00,0.091,0.096,0.089,0.093,239529009
2020-09-10 00:00,0.093,0.1,0.093,0.097,318516574
2020-09-11 00:00,0.097,0.098,0.093,0.097,221511316
2020-09-14 00:00,0.095,0.098,0.093,0.097,222916179
2020-09-15 00:00,0.097,0.098,0.093,0.093,228893129
2020-09-16 00:00,0.093,0.093,0.09,0.092,274183449
2020-09-17 00:00,0.092,0.095,0.091,0.094,233366904
2020-09-18 00:00,0.094,0.094,0.09,0.091,216397469
2020-09-21 00:00,0.089,0.09,0.077,0.08,492053145
2020-09-22 00:00,0.08,0.083,0.079,0.081,312840829
2020-09-23 00:00,0.081,0.083,0.075,0.077,288788676
2020-09-24 00:00,0.077,0.084,0.075,0.083,416112924
2020-09-25 00:00,0.083,0.099,0.082,0.097,761770121
2020-09-28 00:00,0.101,0.107,0.1,0.1,444510458
2020-09-29 00:00,0.1,0.104,0.097,0.101,324750320
2020-09-30 00:00,0.101,0.102,0.097,0.101,284887017
2020-10-01 00:00,0.101,0.105,0.095,0.098,336851364
2020-10-02 00:00,0.098,0.1,0.09,0.093,399944292
2020-10-05 00:00,0.097,0.099,0.096,0.097,181150356
2020-10-06 00:00,0.097,0.099,0.091,0.093,279075668
2020-10-07 00:00,0.093,0.094,0.089,0.094,156895906
2020-10-08 00:00,0.094,0.097,0.09,0.096,252697907
2020-10-09 00:00,0.096,0.103,0.095,0.101,310310139
2020-10-12 00:00,0.107,0.114,0.102,0.109,436930753
2020-10-13 00:00,0.11,0.114,0.108,0.109,399840911
2020-10-14 00:00,0.109,0.112,0.105,0.107,336699640
2020-10-15 00:00,0.107,0.108,0.104,0.107,221159019
2020-10-16 00:00,0.107,0.107,0.102,0.104,224603418
2020-10-19 00:00,0.107,0.111,0.106,0.109,229437150
2020-10-20 00:00,0.109,0.109,0.101,0.102,336559727
2020-10-21 00:00,0.102,0.109,0.101,0.106,266714241
2020-10-22 00:00,0.106,0.113,0.105,0.111,253146970
2020-10-23 00:00,0.111,0.112,0.105,0.108,229349185
2020-10-26 00:00,0.106,0.108,0.099,0.103,225727505
2020-10-27 00:00,0.103,0.106,0.102,0.103,184291117
2020-10-28 00:00,0.103,0.103,0.095,0.099,282164143
2020-10-29 00:00,0.099,0.101,0.095,0.095,257269216
2020-10-30 00:00,0.095,0.096,0.089,0.093,278450844
2020-11-02 00:00,0.098,0.1,0.092,0.092,250365853
2020-11-03 00:00,0.092,0.094,0.088,0.094,244514025
2020-11-04 00:00,0.094,0.096,0.092,0.096,256317734
2020-11-05 00:00,0.096,0.098,0.092,0.098,332802082
2020-11-06 00:00,0.097,0.11,0.097,0.109,451716991
2020-11-09 00:00,0.107,0.108,0.101,0.106,310078005
2020-11-10 00:00,0.106,0.109,0.104,0.106,303777377
2020-11-11 00:00,0.106,0.109,0.105,0.106,251231412
2020-11-12 00:00,0.106,0.107,0.103,0.105,223674147
2020-11-13 00:00,0.105,0.108,0.104,0.106,237407072
2020-11-16 00:00,0.1,0.105,0.1,0.104,215990552
2020-11-17 00:00,0.104,0.112,0.104,0.109,422358571
2020-11-18 00:00,0.109,0.112,0.102,0.107,434138654
2020-11-19 00:00,0.107,0.108,0.104,0.106,237807144
2020-11-20 00:00,0.106,0.119,0.105,0.118,437634222
2020-11-23 00:00,0.146,0.159,0.141,0.154,1389844009
2020-11-24 00:00,0.155,0.183,0.15,0.167,1689043031
2020-11-25 00:00,0.167,0.175,0.147,0.155,1078036876
2020-11-26 00:00,0.155,0.161,0.112,0.138,1645992650
2020-11-27 00:00,0.138,0.146,0.131,0.142,714401310
2020-11-30 00:00,0.167,0.174,0.16,0.172,810673470
2020-12-01 00:00,0.172,0.175,0.141,0.156,1039771835
2020-12-02 00:00,0.156,0.16,0.151,0.158,435020326
2020-12-03 00:00,0.158,0.168,0.155,0.164,413504417
2020-12-04 00:00,0.164,0.165,0.146,0.148,466897835
2020-12-07 00:00,0.159,0.159,0.151,0.154,213173527
2020-12-08 00:00,0.154,0.155,0.138,0.141,431926311
2020-12-09 00:00,0.141,0.15,0.129,0.148,538859190
2020-12-10 00:00,0.148,0.149,0.139,0.142,282799519
2020-12-11 00:00,0.142,0.143,0.135,0.139,299141009
2020-12-14 00:00,0.154,0.159,0.15,0.159,267003623
2020-12-15 00:00,0.159,0.16,0.153,0.154,272831862
2020-12-16 00:00,0.154,0.168,0.149,0.168,496276048
2020-12-17 00:00,0.168,0.176,0.161,0.163,770340737
2020-12-18 00:00,0.163,0.169,0.158,0.165,404588732
2020-12-21 00:00,0.162,0.167,0.147,0.153,424737929
2020-12-22 00:00,0.153,0.161,0.149,0.156,472974527
2020-12-23 00:00,0.156,0.158,0.126,0.136,818577146
2020-12-24 00:00,0.136,0.155,0.131,0.153,738995684
2020-12-25 00:00,0.153,0.167,0.15,0.158,589176695
2020-12-28 00:00,0.155,0.181,0.153,0.176,881547684
2020-12-29 00:00,0.176,0.197,0.173,0.191,1475500742
2020-12-30 00:00,0.191,0.194,0.175,0.184,670221047
2020-12-31 00:00,0.184,0.186,0.174,0.181,447672641
2021-01-01 00:00,0.181,0.185,0.17,0.175,462201592
2021-01-04 00:00,0.206,0.24,0.192,0.225,1463415597
2021-01-05 00:00,0.225,0.264,0.207,0.259,1478887700
2021-01-06 00:00,0.259,0.348,0.253,0.333,2059110064
2021-01-07 00:00,0.333,0.355,0.279,0.299,1411321719
2021-01-08 00:00,0.299,0.322,0.262,0.304,1284205270
2021-01-11 00:00,0.302,0.304,0.229,0.276,1530569606
2021-01-12 00:00,0.276,0.314,0.263,0.289,1059013264
2021-01-13 00:00,0.289,0.316,0.27,0.312,715473133
2021-01-14 00:00,0.312,0.325,0.296,0.312,656502697
2021-01-15 00:00,0.312,0.332,0.277,0.302,853517424
2021-01-18 00:00,0.381,0.397,0.364,0.371,636785491
2021-01-19 00:00,0.371,0.39,0.362,0.367,606641562
2021-01-20 00:00,0.367,0.377,0.33,0.375,656351541
2021-01-21 00:00,0.375,0.379,0.3,0.308,802690589
2021-01-22 00:00,0.308,0.36,0.28,0.349,898752309
2021-01-25 00:00,0.353,0.364,0.34,0.343,407390830
2021-01-26 00:00,0.343,0.351,0.324,0.343,354428215
2021-01-27 00:00,0.343,0.344,0.304,0.311,422544081
2021-01-28 00:00,0.311,0.356,0.304,0.344,487709288
2021-01-29 00:00,0.344,0.368,0.331,0.348,666472834
2021-02-01 00:00,0.345,0.424,0.332,0.409,844822347
2021-02-02 00:00,0.409,0.456,0.389,0.425,1501769884
2021-02-03 00:00,0.425,0.45,0.415,0.442,541252951
2021-02-04 00:00,0.442,0.45,0.41,0.439,536142436
2021-02-05 00:00,0.439,0.56,0.436,0.539,1277155759
2021-02-08 00:00,0.661,0.724,0.632,0.676,1008667702
2021-02-09 00:00,0.677,0.712,0.662,0.706,590482350
2021-02-10 00:00,0.706,0.953,0.706,0.94,1693219960
2021-02-11 00:00,0.94,0.98,0.865,0.928,975100389
2021-02-12 00:00,0.928,0.948,0.866,0.924,649547824
2021-02-15 00:00,0.843,0.911,0.686,0.861,932826558
2021-02-16 00:00,0.861,0.906,0.833,0.87,526075413
2021-02-17 00:00,0.87,0.897,0.822,0.892,460328658
2021-02-18 00:00,0.892,0.958,0.892,0.914,580074031
2021-02-19 00:00,0.914,0.946,0.879,0.926,547803740
2021-02-22 00:00,1.1,1.146,0.831,1.097,1333970228
2021-02-23 00:00,1.097,1.142,0.81,0.962,1625220469
2021-02-24 00:00,0.961,1.077,0.898,1.049,946049085
2021-02-25 00:00,1.049,1.177,1.012,1.077,961855856
2021-02-26 00:00,1.077,1.298,0.99,1.243,1805727744
2021-03-01 00:00,1.313,1.348,1.231,1.296,984011943
2021-03-02 00:00,1.297,1.3,1.18,1.223,753904524
2021-03-03 00:00,1.223,1.266,1.209,1.213,454913465
2021-03-04 00:00,1.213,1.231,1.067,1.112,748035055
2021-03-05 00:00,1.113,1.197,1.034,1.159,830654704
2021-03-08 00:00,1.131,1.178,1.105,1.118,398514665
2021-03-09 00:00,1.118,1.22,1.111,1.197,616039087
2021-03-10 00:00,1.197,1.208,1.115,1.133,384497322
2021-03-11 00:00,1.132,1.14,1.108,1.124,301611735
2021-03-12 00:00,1.124,1.128,1.02,1.032,423021936
2021-03-15 00:00,1.052,1.071,1,1.031,400978372
2021-03-16 00:00,1.031,1.28,1,1.249,1248716380
2021-03-17 00:00,1.25,1.43,1.204,1.377,1094860582
2021-03-18 00:00,1.378,1.473,1.222,1.229,1446280491
2021-03-19 00:00,1.23,1.343,1.18,1.295,812311202
2021-03-22 00:00,1.186,1.208,1.067,1.102,384255592
2021-03-23 00:00,1.102,1.174,1.081,1.116,371967735
2021-03-24 00:00,1.116,1.164,1.038,1.069,354915815
2021-03-25 00:00,1.069,1.154,1.046,1.096,527623563
2021-03-26 00:00,1.096,1.288,1.094,1.214,671982921
2021-03-29 00:00,1.19,1.23,1.178,1.202,263071783
2021-03-30 00:00,1.202,1.236,1.189,1.212,257460702
2021-03-31 00:00,1.212,1.213,1.151,1.192,302818894
2021-04-01 00:00,1.192,1.208,1.172,1.184,212963402
2021-04-02 00:00,1.183,1.248,1.18,1.19,314062275
2021-04-05 00:00,1.182,1.226,1.162,1.212,318801585
2021-04-06 00:00,1.212,1.344,1.19,1.252,726926032
2021-04-07 00:00,1.252,1.29,1.159,1.174,405314010
2021-04-08 00:00,1.174,1.225,1.17,1.219,215242862
2021-04-09 00:00,1.219,1.229,1.191,1.202,156767217
2021-04-12 00:00,1.264,1.348,1.263,1.314,559487917
2021-04-13 00:00,1.315,1.438,1.281,1.412,605026303
2021-04-14 00:00,1.412,1.558,1.348,1.451,1053166801
2021-04-15 00:00,1.451,1.495,1.41,1.478,413204021
2021-04-16 00:00,1.478,1.519,1.334,1.41,562141290
2021-04-19 00:00,1.277,1.324,1.171,1.195,477279625
2021-04-20 00:00,1.195,1.282,1.127,1.267,470266416
2021-04-21 00:00,1.267,1.29,1.197,1.204,404435009
2021-04-22 00:00,1.203,1.28,1.114,1.144,522618891
2021-04-23 00:00,1.144,1.169,0.92,1.159,988708738
2021-04-26 00:00,1.091,1.251,1.079,1.238,473369903
2021-04-27 00:00,1.238,1.333,1.223,1.306,392979075
2021-04-28 00:00,1.306,1.349,1.233,1.338,388598671
2021-04-29 00:00,1.337,1.412,1.266,1.306,578529675
2021-04-30 00:00,1.307,1.371,1.286,1.353,308696282
2021-05-03 00:00,1.327,1.38,1.321,1.362,271187647
2021-05-04 00:00,1.363,1.367,1.256,1.27,421500902
2021-05-05 00:00,1.27,1.497,1.26,1.48,579064640
2021-05-06 00:00,1.48,1.7,1.429,1.649,1342973427
2021-05-07 00:00,1.649,1.748,1.526,1.653,789059226
2021-05-10 00:00,1.766,1.824,1.517,1.642,712304937
2021-05-11 00:00,1.642,1.779,1.595,1.763,524326742
2021-05-12 00:00,1.763,1.821,1.546,1.569,599710104
2021-05-13 00:00,1.567,1.972,1.5,1.93,1567655313
2021-05-14 00:00,1.929,2.043,1.811,2.007,695033096
2021-05-17 00:00,2.3,2.329,1.916,2.031,1137971330
2021-05-18 00:00,2.03,2.149,1.971,2.004,612259940
2021-05-19 00:00,2.004,2.032,1.01,1.466,2261842124
2021-05-20 00:00,1.468,1.949,1.322,1.801,1331716302
2021-05-21 00:00,1.8,1.87,1.32,1.549,1158826552
2021-05-24 00:00,1.314,1.597,1.248,1.55,1034255653
2021-05-25 00:00,1.55,1.65,1.435,1.553,807717294
2021-05-26 00:00,1.553,1.832,1.552,1.779,857080544
2021-05-27 00:00,1.779,1.789,1.608,1.655,590119115
2021-05-28 00:00,1.655,1.678,1.45,1.513,817239569
2021-05-31 00:00,1.575,1.75,1.525,1.737,600116096
2021-06-01 00:00,1.738,1.78,1.653,1.736,530252613
2021-06-02 00:00,1.736,1.804,1.717,1.753,431644824
2021-06-03 00:00,1.753,1.89,1.713,1.845,417400970
2021-06-04 00:00,1.845,1.848,1.608,1.708,596433058
2021-06-07 00:00,1.677,1.741,1.55,1.566,341267118
2021-06-08 00:00,1.566,1.597,1.4,1.582,612223616
2021-06-09 00:00,1.582,1.635,1.483,1.628,471664367
2021-06-10 00:00,1.628,1.638,1.506,1.533,312406145
2021-06-11 00:00,1.533,1.547,1.419,1.437,323101352
2021-06-14 00:00,1.556,1.595,1.506,1.577,280791188
2021-06-15 00:00,1.577,1.611,1.544,1.555,216159088
2021-06-16 00:00,1.555,1.575,1.474,1.485,203580562
2021-06-17 00:00,1.485,1.539,1.457,1.483,165078794
2021-06-18 00:00,1.483,1.493,1.374,1.416,220933739
2021-06-21 00:00,1.426,1.437,1.167,1.174,512064808
2021-06-22 00:00,1.174,1.263,1,1.157,907361681
2021-06-23 00:00,1.156,1.31,1.108,1.251,490479597
2021-06-24 00:00,1.251,1.4,1.201,1.36,427028555
2021-06-25 00:00,1.36,1.397,1.243,1.252,548380728
2021-06-28 00:00,1.338,1.351,1.304,1.326,220547841
2021-06-29 00:00,1.326,1.42,1.319,1.373,287571887
2021-06-30 00:00,1.373,1.399,1.283,1.385,263769164
2021-07-01 00:00,1.385,1.386,1.302,1.331,196824554
2021-07-02 00:00,1.331,1.396,1.285,1.395,235621284
2021-07-05 00:00,1.462,1.462,1.376,1.404,210256338
2021-07-06 00:00,1.404,1.458,1.389,1.416,173402625
2021-07-07 00:00,1.416,1.442,1.4,1.404,125167802
2021-07-08 00:00,1.404,1.407,1.319,1.327,175680432
2021-07-09 00:00,1.327,1.375,1.286,1.35,160294009
2021-07-12 00:00,1.349,1.374,1.292,1.313,112067652
2021-07-13 00:00,1.313,1.322,1.25,1.265,125015692
2021-07-14 00:00,1.265,1.289,1.198,1.264,165466926
2021-07-15 00:00,1.263,1.29,1.205,1.226,133685817
2021-07-16 00:00,1.226,1.245,1.166,1.171,159173649
2021-07-19 00:00,1.181,1.192,1.116,1.123,138646770
2021-07-20 00:00,1.123,1.136,1.02,1.054,283618773
2021-07-21 00:00,1.054,1.222,1.037,1.171,287296651
2021-07-22 00:00,1.171,1.208,1.149,1.186,158912347
2021-07-23 00:00,1.186,1.209,1.147,1.208,131335899
2021-07-26 00:00,1.228,1.399,1.222,1.255,415073306
2021-07-27 00:00,1.255,1.316,1.214,1.28,233094219
2021-07-28 00:00,1.28,1.32,1.257,1.288,201237008
2021-07-29 00:00,1.288,1.299,1.256,1.286,130841010
2021-07-30 00:00,1.286,1.318,1.247,1.311,181649952
2021-08-02 00:00,1.315,1.35,1.293,1.308,124737527
2021-08-03 00:00,1.308,1.383,1.261,1.37,250226155
2021-08-04 00:00,1.37,1.394,1.323,1.377,182865716
2021-08-05 00:00,1.377,1.397,1.338,1.386,160752897
2021-08-06 00:00,1.386,1.425,1.361,1.403,165384691
2021-08-09 00:00,1.426,1.499,1.393,1.475,204393123
2021-08-10 00:00,1.475,1.701,1.457,1.678,356506049
2021-08-11 00:00,1.678,1.895,1.67,1.793,488863475
2021-08-12 00:00,1.793,1.869,1.679,1.832,431637663
2021-08-13 00:00,1.833,2.15,1.821,2.139,589994512
2021-08-16 00:00,2.167,2.2,2.046,2.071,313643278
2021-08-17 00:00,2.072,2.141,1.906,1.924,361700295
2021-08-18 00:00,1.924,2.164,1.87,2.104,486614320
2021-08-19 00:00,2.105,2.455,2.046,2.441,661367634
2021-08-20 00:00,2.441,2.582,2.367,2.456,619099880
2021-08-23 00:00,2.705,2.972,2.685,2.915,653707085
2021-08-24 00:00,2.915,2.947,2.587,2.719,641652321
2021-08-25 00:00,2.719,2.797,2.6,2.739,460928591
2021-08-26 00:00,2.739,2.785,2.47,2.528,407754742
2021-08-27 00:00,2.529,2.947,2.494,2.946,472662847
2021-08-30 00:00,2.85,2.884,2.72,2.734,240691776
2021-08-31 00:00,2.735,2.881,2.702,2.767,251908448
2021-09-01 00:00,2.768,2.904,2.72,2.869,196563564
2021-09-02 00:00,2.87,3.101,2.834,2.96,397432201
2021-09-03 00:00,2.96,3.03,2.9,2.966,203828723
2021-09-06 00:00,2.911,2.927,2.8,2.833,186970566
2021-09-07 00:00,2.833,2.875,2,2.514,964890703
2021-09-08 00:00,2.514,2.564,2.2,2.47,547581893
2021-09-09 00:00,2.47,2.623,2.39,2.518,411631932
2021-09-10 00:00,2.518,2.586,2.269,2.383,322102134
2021-09-13 00:00,2.58,2.593,2.309,2.402,378841955
2021-09-14 00:00,2.401,2.438,2.32,2.396,214309648
2021-09-15 00:00,2.396,2.582,2.355,2.505,276853602
2021-09-16 00:00,2.504,2.56,2.381,2.417,196390721
2021-09-17 00:00,2.417,2.442,2.313,2.35,130098607
2021-09-20 00:00,2.283,2.293,1.97,2.079,458599994
2021-09-21 00:00,2.08,2.229,1.91,1.986,450988825
2021-09-22 00:00,1.986,2.268,1.967,2.257,262894762
2021-09-23 00:00,2.257,2.346,2.179,2.327,190057004
2021-09-24 00:00,2.327,2.345,2.063,2.277,382004523
2021-09-27 00:00,2.206,2.277,2.128,2.13,150915505
2021-09-28 00:00,2.129,2.173,2.029,2.037,151911791
2021-09-29 00:00,2.037,2.15,2.02,2.066,136138459
2021-09-30 00:00,2.066,2.137,2.051,2.115,124916965
2021-10-01 00:00,2.115,2.275,2.092,2.256,197157597
2021-10-04 00:00,2.251,2.253,2.15,2.191,149496148
2021-10-05 00:00,2.191,2.258,2.175,2.233,131834398
2021-10-06 00:00,2.232,2.251,2.111,2.209,192646632
2021-10-07 00:00,2.209,2.375,2.15,2.278,254708525
2021-10-08 00:00,2.278,2.313,2.213,2.237,138317415
2021-10-11 00:00,2.189,2.25,2.107,2.171,124908971
2021-10-12 00:00,2.171,2.173,2.071,2.118,150529552
2021-10-13 00:00,2.117,2.2,2.078,2.19,133035059
2021-10-14 00:00,2.189,2.225,2.155,2.172,109132258
2021-10-15 00:00,2.172,2.243,2.136,2.218,205811028
2021-10-18 00:00,2.158,2.176,2.105,2.128,96988781
2021-10-19 00:00,2.127,2.157,2.093,2.11,94391798
2021-10-20 00:00,2.11,2.208,2.092,2.19,135969764
2021-10-21 00:00,2.19,2.298,2.131,2.137,265787687
2021-10-22 00:00,2.136,2.21,2.125,2.156,130738741
2021-10-25 00:00,2.119,2.178,2.114,2.144,105874062
2021-10-26 00:00,2.145,2.202,2.122,2.137,142897888
2021-10-27 00:00,2.138,2.156,1.804,1.912,397889052
2021-10-28 00:00,1.912,2.058,1.905,1.987,253879736
2021-10-29 00:00,1.987,2.048,1.979,2.015,154761715
2021-11-01 00:00,1.965,2.019,1.911,1.949,144061157
2021-11-02 00:00,1.949,1.996,1.933,1.971,124263225
2021-11-03 00:00,1.971,2.144,1.95,2.063,335562001
2021-11-04 00:00,2.063,2.103,1.933,1.983,174549124
2021-11-05 00:00,1.983,2.017,1.959,1.982,108180887
2021-11-08 00:00,2.02,2.14,2.008,2.125,189974492
2021-11-09 00:00,2.126,2.378,2.105,2.27,581074563
2021-11-10 00:00,2.269,2.331,1.932,2.097,479840609
2021-11-11 00:00,2.097,2.153,2.058,2.079,151168982
2021-11-12 00:00,2.079,2.099,1.991,2.045,160252200
2021-11-15 00:00,2.04,2.095,2.011,2.017,93079601
2021-11-16 00:00,2.018,2.018,1.759,1.874,268941449
2021-11-17 00:00,1.874,1.893,1.795,1.876,207985194
2021-11-18 00:00,1.877,1.907,1.701,1.786,221759929
2021-11-19 00:00,1.786,1.894,1.754,1.863,144849496
2021-11-22 00:00,1.835,1.839,1.757,1.776,144285737
2021-11-23 00:00,1.776,1.816,1.738,1.751,144774328
2021-11-24 00:00,1.751,1.754,1.586,1.666,290146580
2021-11-25 00:00,1.665,1.749,1.619,1.675,216037186
2021-11-26 00:00,1.676,1.685,1.495,1.533,337429422
2021-11-29 00:00,1.595,1.636,1.557,1.601,153848508
2021-11-30 00:00,1.602,1.629,1.544,1.554,185671983
2021-12-01 00:00,1.553,1.622,1.531,1.548,157458518
2021-12-02 00:00,1.547,1.76,1.517,1.719,441382058
2021-12-03 00:00,1.72,1.729,1.509,1.556,276255998
2021-12-06 00:00,1.378,1.442,1.255,1.42,338310650
2021-12-07 00:00,1.42,1.479,1.365,1.378,229514387
2021-12-08 00:00,1.378,1.423,1.337,1.396,187594499
2021-12-09 00:00,1.396,1.409,1.287,1.289,174568082
2021-12-10 00:00,1.288,1.334,1.207,1.211,192968852
2021-12-13 00:00,1.345,1.357,1.2,1.223,184388946
2021-12-14 00:00,1.223,1.284,1.198,1.266,175476976
2021-12-15 00:00,1.267,1.331,1.204,1.311,170248147
2021-12-16 00:00,1.311,1.331,1.236,1.24,117663533
2021-12-17 00:00,1.24,1.259,1.182,1.218,138092873
2021-12-20 00:00,1.244,1.261,1.201,1.237,123107608
2021-12-21 00:00,1.238,1.289,1.227,1.28,122949688
2021-12-22 00:00,1.279,1.369,1.276,1.327,161175341
2021-12-23 00:00,1.327,1.49,1.307,1.475,216796285
2021-12-24 00:00,1.475,1.491,1.381,1.392,126361218
2021-12-27 00:00,1.455,1.594,1.45,1.516,181375487
2021-12-28 00:00,1.516,1.54,1.376,1.4,233459409
2021-12-29 00:00,1.4,1.438,1.323,1.332,151405450
2021-12-30 00:00,1.333,1.378,1.297,1.359,134172216
2021-12-31 00:00,1.359,1.383,1.281,1.308,120607602
2022-01-03 00:00,1.378,1.378,1.31,1.319,87156483
2022-01-04 00:00,1.319,1.352,1.295,1.309,94479929
2022-01-05 00:00,1.31,1.353,1.193,1.23,158740745
2022-01-06 00:00,1.23,1.297,1.186,1.28,175755037
2022-01-07 00:00,1.279,1.285,1.189,1.21,209806666
2022-01-10 00:00,1.17,1.181,1.069,1.123,189251285
2022-01-11 00:00,1.123,1.196,1.122,1.187,115267747
2022-01-12 00:00,1.188,1.314,1.186,1.312,145609233
2022-01-13 00:00,1.312,1.354,1.227,1.233,179030203
2022-01-14 00:00,1.232,1.309,1.22,1.292,143282257
2022-01-17 00:00,1.411,1.607,1.386,1.603,545676050
2022-01-18 00:00,1.602,1.638,1.411,1.458,455949760
2022-01-19 00:00,1.458,1.534,1.326,1.337,329949369
2022-01-20 00:00,1.336,1.427,1.251,1.259,261063977
2022-01-21 00:00,1.259,1.282,1.101,1.12,408520168
2022-01-24 00:00,1.124,1.125,0.951,1.065,437410972
2022-01-25 00:00,1.066,1.074,0.991,1.043,218828978
2022-01-26 00:00,1.043,1.157,1.022,1.077,336504600
2022-01-27 00:00,1.078,1.08,1.004,1.042,184763115
2022-01-28 00:00,1.042,1.059,1.008,1.048,137690717
2022-01-31 00:00,1.035,1.06,1.006,1.051,101219594
2022-02-01 00:00,1.052,1.096,1.034,1.096,124526987
2022-02-02 00:00,1.096,1.103,1.022,1.027,126858443
2022-02-03 00:00,1.027,1.062,1.016,1.061,98542859
2022-02-04 00:00,1.061,1.139,1.045,1.138,135205698
2022-02-07 00:00,1.142,1.209,1.125,1.199,267802509
2022-02-08 00:00,1.198,1.263,1.133,1.176,271657715
2022-02-09 00:00,1.176,1.215,1.152,1.195,137110441
2022-02-10 00:00,1.194,1.225,1.143,1.15,183605167
2022-02-11 00:00,1.15,1.164,1.068,1.079,131819380
2022-02-14 00:00,1.043,1.055,1.018,1.049,138983394
2022-02-15 00:00,1.05,1.115,1.049,1.107,153935261
2022-02-16 00:00,1.108,1.112,1.066,1.082,100926598
2022-02-17 00:00,1.083,1.094,1.008,1.02,114536419
2022-02-18 00:00,1.019,1.043,0.983,0.995,133614897
2022-02-21 00:00,0.931,0.993,0.851,0.856,283489146
2022-02-22 00:00,0.856,0.897,0.813,0.888,264842686
2022-02-23 00:00,0.888,0.96,0.863,0.866,237697409
2022-02-24 00:00,0.866,0.899,0.746,0.853,560155943
2022-02-25 00:00,0.852,0.91,0.823,0.898,210841434
2022-02-28 00:00,0.857,0.97,0.842,0.962,227930212
2022-03-01 00:00,0.962,1.011,0.939,0.963,234764907
2022-03-02 00:00,0.964,0.977,0.927,0.939,149492529
2022-03-03 00:00,0.938,0.946,0.883,0.903,114773405
2022-03-04 00:00,0.902,0.903,0.826,0.844,147016370
2022-03-07 00:00,0.822,0.847,0.777,0.793,132874308
2022-03-08 00:00,0.793,0.821,0.787,0.802,124188127
2022-03-09 00:00,0.802,0.863,0.799,0.849,114972478
2022-03-10 00:00,0.849,0.854,0.785,0.807,115076460
2022-03-11 00:00,0.806,0.819,0.782,0.788,101513437
2022-03-14 00:00,0.787,0.816,0.776,0.802,104136686
2022-03-15 00:00,0.803,0.817,0.781,0.8,95462862
2022-03-16 00:00,0.8,0.84,0.792,0.838,160797640
2022-03-17 00:00,0.839,0.858,0.827,0.835,106463604
2022-03-18 00:00,0.835,0.86,0.82,0.851,82866384
2022-03-21 00:00,0.879,0.93,0.863,0.917,115815698
2022-03-22 00:00,0.917,0.988,0.907,0.975,172059115
2022-03-23 00:00,0.975,1.11,0.957,1.108,362447889
2022-03-24 00:00,1.108,1.19,1.076,1.131,390983111
2022-03-25 00:00,1.13,1.167,1.072,1.096,290457537
2022-03-28 00:00,1.184,1.246,1.157,1.17,261106354
2022-03-29 00:00,1.17,1.243,1.166,1.191,180299258
2022-03-30 00:00,1.191,1.218,1.161,1.189,146033301
2022-03-31 00:00,1.189,1.228,1.133,1.141,177165451
2022-04-01 00:00,1.141,1.175,1.104,1.165,191221961
2022-04-04 00:00,1.186,1.245,1.16,1.212,253236218
2022-04-05 00:00,1.212,1.219,1.163,1.171,108832337
2022-04-06 00:00,1.17,1.173,1.047,1.052,206767403
2022-04-07 00:00,1.052,1.101,1.038,1.089,99288218
2022-04-08 00:00,1.089,1.1,1.019,1.024,88048748
2022-04-11 00:00,1.026,1.033,0.917,0.92,159034788
2022-04-12 00:00,0.919,0.982,0.915,0.955,115179682
2022-04-13 00:00,0.954,0.981,0.934,0.974,83266529
2022-04-14 00:00,0.974,0.985,0.923,0.933,84094025
2022-04-15 00:00,0.933,0.959,0.929,0.956,42542454
2022-04-18 00:00,0.914,0.939,0.874,0.937,118871201
2022-04-19 00:00,0.936,0.957,0.927,0.952,75433307
2022-04-20 00:00,0.952,0.976,0.93,0.937,93644961
2022-04-21 00:00,0.937,0.971,0.891,0.91,105008621
2022-04-22 00:00,0.91,0.924,0.891,0.906,82391664
2022-04-25 00:00,0.885,0.904,0.826,0.897,171906634
2022-04-26 00:00,0.898,0.903,0.815,0.826,176710729
2022-04-27 00:00,0.826,0.856,0.819,0.84,148781158
2022-04-28 00:00,0.84,0.853,0.826,0.843,134867892
2022-04-29 00:00,0.843,0.85,0.789,0.805,139320755
2022-05-02 00:00,0.789,0.797,0.764,0.781,128907647
2022-05-03 00:00,0.781,0.799,0.761,0.771,96430389
2022-05-04 00:00,0.771,0.899,0.768,0.899,256650393
2022-05-05 00:00,0.899,0.906,0.772,0.788,364971280
2022-05-06 00:00,0.788,0.8,0.763,0.783,244059314
2022-05-09 00:00,0.74,0.754,0.598,0.602,472343212
2022-05-10 00:00,0.603,0.701,0.583,0.629,436850958
2022-05-11 00:00,0.629,0.663,0.473,0.519,623456729
2022-05-12 00:00,0.519,0.551,0.402,0.473,815466436
2022-05-13 00:00,0.473,0.609,0.469,0.529,458070898
2022-05-16 00:00,0.598,0.615,0.544,0.557,280904167
2022-05-17 00:00,0.557,0.6,0.551,0.578,178085287
2022-05-18 00:00,0.578,0.586,0.503,0.506,203077767
2022-05-19 00:00,0.506,0.547,0.492,0.533,205816669
2022-05-20 00:00,0.533,0.545,0.501,0.516,174293904
2022-05-23 00:00,0.542,0.56,0.504,0.513,189428605
2022-05-24 00:00,0.513,0.526,0.493,0.522,170906454
2022-05-25 00:00,0.522,0.533,0.507,0.515,133554896
2022-05-26 00:00,0.515,0.521,0.461,0.479,243665597
2022-05-27 00:00,0.479,0.484,0.445,0.457,268406657
2022-05-30 00:00,0.482,0.578,0.477,0.57,259278972
2022-05-31 00:00,0.57,0.689,0.568,0.627,663620130
2022-06-01 00:00,0.627,0.631,0.536,0.552,355478047
2022-06-02 00:00,0.552,0.598,0.549,0.587,306126392
2022-06-03 00:00,0.587,0.606,0.539,0.56,206258557
2022-06-06 00:00,0.568,0.647,0.565,0.609,341503034
2022-06-07 00:00,0.609,0.645,0.572,0.614,338812955
2022-06-08 00:00,0.614,0.67,0.609,0.641,394268015
2022-06-09 00:00,0.641,0.658,0.626,0.632,192311519
2022-06-10 00:00,0.632,0.636,0.57,0.574,272264509
2022-06-13 00:00,0.49,0.499,0.437,0.464,761584162
2022-06-14 00:00,0.464,0.52,0.437,0.483,609069922
2022-06-15 00:00,0.483,0.539,0.448,0.535,628288421
2022-06-16 00:00,0.535,0.547,0.467,0.476,360176726
2022-06-17 00:00,0.476,0.504,0.472,0.487,221262081
2022-06-20 00:00,0.485,0.509,0.461,0.492,309798492
2022-06-21 00:00,0.492,0.511,0.475,0.481,269305252
2022-06-22 00:00,0.481,0.482,0.456,0.459,203593604
2022-06-23 00:00,0.459,0.483,0.456,0.48,160788579
2022-06-24 00:00,0.48,0.51,0.476,0.498,241563216
2022-06-27 00:00,0.49,0.509,0.476,0.486,157304577
2022-06-28 00:00,0.486,0.498,0.467,0.469,163560610
2022-06-29 00:00,0.469,0.477,0.459,0.466,166130809
2022-06-30 00:00,0.466,0.468,0.435,0.46,212175225
2022-07-01 00:00,0.46,0.475,0.443,0.449,182788833
2022-07-04 00:00,0.456,0.477,0.445,0.47,196992062
2022-07-05 00:00,0.47,0.472,0.445,0.457,171538700
2022-07-06 00:00,0.457,0.466,0.447,0.462,139222491
2022-07-07 00:00,0.462,0.483,0.461,0.478,142207160
2022-07-08 00:00,0.478,0.493,0.46,0.466,170808287
2022-07-11 00:00,0.463,0.463,0.432,0.435,162046474
2022-07-12 00:00,0.435,0.443,0.416,0.417,139596465
2022-07-13 00:00,0.417,0.442,0.402,0.438,265121487
2022-07-14 00:00,0.438,0.447,0.417,0.442,208167500
2022-07-15 00:00,0.442,0.454,0.433,0.442,187708039
2022-07-18 00:00,0.448,0.5,0.446,0.49,383713237
2022-07-19 00:00,0.49,0.526,0.473,0.515,386358961
2022-07-20 00:00,0.515,0.549,0.487,0.491,389780368
2022-07-21 00:00,0.491,0.502,0.476,0.499,261898826
2022-07-22 00:00,0.499,0.511,0.477,0.483,200330319
2022-07-25 00:00,0.512,0.515,0.474,0.475,200850927
2022-07-26 00:00,0.475,0.477,0.451,0.468,213069568
2022-07-27 00:00,0.468,0.512,0.459,0.511,290167473
2022-07-28 00:00,0.511,0.524,0.489,0.513,306445432
2022-07-29 00:00,0.513,0.545,0.506,0.522,320669338
2022-08-01 00:00,0.516,0.526,0.501,0.512,158798659
2022-08-02 00:00,0.513,0.516,0.489,0.496,182796644
2022-08-03 00:00,0.496,0.517,0.489,0.5,124964591
2022-08-04 00:00,0.501,0.511,0.493,0.5,102893586
2022-08-05 00:00,0.5,0.519,0.499,0.517,112190532
2022-08-08 00:00,0.528,0.55,0.523,0.537,161525484
2022-08-09 00:00,0.537,0.537,0.506,0.513,143031114
2022-08-10 00:00,0.513,0.539,0.502,0.537,168972995
2022-08-11 00:00,0.537,0.548,0.529,0.53,155468953
2022-08-12 00:00,0.53,0.542,0.521,0.54,106913823
2022-08-15 00:00,0.57,0.582,0.543,0.55,190762311
2022-08-16 00:00,0.55,0.57,0.548,0.557,146451286
2022-08-17 00:00,0.557,0.583,0.53,0.538,234245689
2022-08-18 00:00,0.538,0.544,0.507,0.512,132314583
2022-08-19 00:00,0.512,0.512,0.446,0.45,328231159
2022-08-22 00:00,0.463,0.463,0.437,0.462,189194571
2022-08-23 00:00,0.461,0.47,0.446,0.466,124261774
2022-08-24 00:00,0.466,0.469,0.454,0.458,103361761
2022-08-25 00:00,0.458,0.474,0.457,0.465,119930623
2022-08-26 00:00,0.465,0.482,0.426,0.432,375988987
2022-08-29 00:00,0.429,0.453,0.424,0.45,144933113
2022-08-30 00:00,0.45,0.463,0.439,0.453,153121080
2022-08-31 00:00,0.453,0.463,0.445,0.446,115612545
2022-09-01 00:00,0.446,0.462,0.441,0.458,126697363
2022-09-02 00:00,0.458,0.467,0.449,0.454,106799407
2022-09-05 00:00,0.503,0.508,0.483,0.498,141754609
2022-09-06 00:00,0.499,0.512,0.459,0.463,233944980
2022-09-07 00:00,0.463,0.482,0.454,0.479,139305947
2022-09-08 00:00,0.479,0.483,0.463,0.479,113848851
2022-09-09 00:00,0.479,0.505,0.478,0.502,179505158
2022-09-12 00:00,0.51,0.52,0.496,0.501,168685843
2022-09-13 00:00,0.501,0.509,0.461,0.464,232872898
2022-09-14 00:00,0.464,0.487,0.462,0.481,139529447
2022-09-15 00:00,0.481,0.482,0.462,0.466,131972087
2022-09-16 00:00,0.466,0.475,0.454,0.475,102994090
2022-09-19 00:00,0.448,0.457,0.433,0.453,182325006
2022-09-20 00:00,0.453,0.455,0.437,0.442,107530482
2022-09-21 00:00,0.442,0.465,0.431,0.439,285434492
2022-09-22 00:00,0.439,0.467,0.434,0.458,155204949
2022-09-23 00:00,0.458,0.483,0.446,0.462,210001734
2022-09-26 00:00,0.446,0.451,0.437,0.447,125877098
2022-09-27 00:00,0.447,0.463,0.437,0.441,148328060
2022-09-28 00:00,0.441,0.443,0.425,0.436,126497952
2022-09-29 00:00,0.436,0.439,0.428,0.438,120382506
2022-09-30 00:00,0.438,0.442,0.429,0.435,120942798
2022-10-03 00:00,0.42,0.429,0.416,0.428,97902203
2022-10-04 00:00,0.428,0.438,0.425,0.436,89194463
2022-10-05 00:00,0.436,0.437,0.424,0.431,86070775
2022-10-06 00:00,0.431,0.437,0.426,0.429,87385669
2022-10-07 00:00,0.429,0.43,0.422,0.424,85766411
2022-10-10 00:00,0.423,0.427,0.398,0.401,108015957
2022-10-11 00:00,0.401,0.402,0.384,0.391,157186862
2022-10-12 00:00,0.391,0.395,0.376,0.381,100682300
2022-10-13 00:00,0.381,0.382,0.349,0.377,269612015
2022-10-14 00:00,0.377,0.389,0.361,0.367,135535199
2022-10-17 00:00,0.37,0.376,0.366,0.372,66215709
2022-10-18 00:00,0.372,0.374,0.357,0.362,95364157
2022-10-19 00:00,0.362,0.362,0.347,0.35,92329865
2022-10-20 00:00,0.35,0.356,0.336,0.34,111681188
2022-10-21 00:00,0.34,0.35,0.33,0.349,127160035
2022-10-24 00:00,0.362,0.365,0.353,0.357,92439270
2022-10-25 00:00,0.357,0.417,0.357,0.4,319473287
2022-10-26 00:00,0.4,0.412,0.395,0.403,197703334
2022-10-27 00:00,0.403,0.419,0.386,0.388,170796920
2022-10-28 00:00,0.388,0.412,0.378,0.404,139228267
2022-10-31 00:00,0.406,0.416,0.398,0.406,122659825
2022-11-01 00:00,0.406,0.415,0.399,0.401,88819926
2022-11-02 00:00,0.401,0.409,0.38,0.386,168323661
2022-11-03 00:00,0.386,0.399,0.384,0.39,90984353
2022-11-04 00:00,0.389,0.426,0.388,0.422,233382752
2022-11-07 00:00,0.402,0.416,0.398,0.404,138637895
2022-11-08 00:00,0.404,0.416,0.346,0.372,379698784
2022-11-09 00:00,0.372,0.377,0.31,0.318,397999299
2022-11-10 00:00,0.317,0.379,0.312,0.369,361918477
2022-11-11 00:00,0.369,0.374,0.342,0.356,191115792
2022-11-14 00:00,0.33,0.342,0.314,0.332,180689169
2022-11-15 00:00,0.332,0.345,0.329,0.337,103953375
2022-11-16 00:00,0.337,0.344,0.324,0.332,102897683
2022-11-17 00:00,0.332,0.335,0.319,0.325,75534271
2022-11-18 00:00,0.325,0.333,0.321,0.326,80893595
2022-11-21 00:00,0.312,0.313,0.295,0.305,162744012
2022-11-22 00:00,0.305,0.317,0.298,0.313,119265785
2022-11-23 00:00,0.313,0.32,0.309,0.319,130173455
2022-11-24 00:00,0.319,0.321,0.312,0.316,77452813
2022-11-25 00:00,0.316,0.317,0.307,0.315,81669294
2022-11-28 00:00,0.313,0.314,0.3,0.307,118920328
2022-11-29 00:00,0.307,0.313,0.304,0.309,63046089
2022-11-30 00:00,0.309,0.321,0.308,0.319,41640110
2022-12-01 00:00,0.319,0.32,0.313,0.314,605721
2022-12-02 00:00,0.315,0.32,0.311,0.319,588224
2022-12-05 00:00,0.322,0.329,0.316,0.319,792079
2022-12-06 00:00,0.32,0.321,0.314,0.318,751265
2022-12-07 00:00,0.318,0.32,0.307,0.31,1134504
2022-12-08 00:00,0.31,0.316,0.307,0.315,732297
2022-12-09 00:00,0.315,0.317,0.309,0.311,652310
2022-12-12 00:00,0.307,0.308,0.3,0.306,591546
2022-12-13 00:00,0.306,0.318,0.298,0.314,1536456
2022-12-14 00:00,0.314,0.316,0.306,0.308,887442
2022-12-15 00:00,0.308,0.308,0.297,0.3,957607
2022-12-16 00:00,0.3,0.301,0.261,0.264,1967832
2022-12-19 00:00,0.266,0.269,0.249,0.253,649530
2022-12-20 00:00,0.253,0.262,0.252,0.259,549598
2022-12-21 00:00,0.259,0.259,0.248,0.253,465180
2022-12-22 00:00,0.254,0.257,0.247,0.256,530071
2022-12-23 00:00,0.257,0.264,0.255,0.259,276897
2022-12-26 00:00,0.259,0.265,0.258,0.265,618240
2022-12-27 00:00,0.266,0.266,0.257,0.26,325394
2022-12-28 00:00,0.261,0.261,0.247,0.248,612456
2022-12-29 00:00,0.248,0.248,0.24,0.244,706637
2022-12-30 00:00,0.244,0.246,0.239,0.245,1951885
2023-01-02 00:00,0.25,0.256,0.247,0.253,465180
2023-01-03 00:00,0.254,0.255,0.251,0.253,302579
2023-01-04 00:00,0.253,0.27,0.252,0.268,973823
2023-01-05 00:00,0.268,0.271,0.264,0.269,380508
2023-01-06 00:00,0.27,0.28,0.267,0.279,1789017
2023-01-09 00:00,0.297,0.345,0.296,0.317,5059151
2023-01-10 00:00,0.317,0.325,0.307,0.322,1408192
2023-01-11 00:00,0.322,0.323,0.308,0.323,1109378
2023-01-12 00:00,0.323,0.335,0.317,0.329,3735496
2023-01-13 00:00,0.33,0.35,0.324,0.346,2275605
2023-01-16 00:00,0.35,0.364,0.338,0.35,1975418
2023-01-17 00:00,0.351,0.357,0.343,0.345,1003081
2023-01-18 00:00,0.345,0.355,0.325,0.327,4333462
2023-01-19 00:00,0.326,0.343,0.326,0.338,1971899
2023-01-20 00:00,0.338,0.366,0.334,0.365,3928265
2023-01-23 00:00,0.376,0.384,0.369,0.375,3674183
2023-01-24 00:00,0.375,0.383,0.356,0.359,2467616
2023-01-25 00:00,0.357,0.379,0.347,0.373,3467049
2023-01-26 00:00,0.374,0.389,0.371,0.38,2908775
2023-01-27 00:00,0.38,0.391,0.369,0.389,2208234
2023-01-30 00:00,0.398,0.398,0.367,0.372,2455443
2023-01-31 00:00,0.372,0.4,0.369,0.391,3736271
2023-02-01 00:00,0.39,0.405,0.371,0.397,3026426
2023-02-02 00:00,0.397,0.414,0.394,0.398,3573190
2023-02-03 00:00,0.398,0.407,0.373,0.404,2818252
2023-02-06 00:00,0.393,0.404,0.38,0.382,1973280
2023-02-07 00:00,0.382,0.399,0.382,0.399,2758163
2023-02-08 00:00,0.4,0.403,0.386,0.394,1470242
2023-02-09 00:00,0.395,0.396,0.356,0.362,3389507
2023-02-10 00:00,0.361,0.365,0.354,0.358,1469196
2023-02-13 00:00,0.364,0.366,0.345,0.359,1575097
2023-02-14 00:00,0.359,0.393,0.355,0.386,4097092
2023-02-15 00:00,0.387,0.42,0.382,0.418,3528490
2023-02-16 00:00,0.419,0.421,0.386,0.388,5036140
2023-02-17 00:00,0.386,0.41,0.386,0.403,2597915
2023-02-20 00:00,0.4,0.41,0.39,0.403,2126545
2023-02-21 00:00,0.404,0.405,0.386,0.392,2084847
2023-02-22 00:00,0.392,0.393,0.377,0.389,2001850
2023-02-23 00:00,0.389,0.395,0.38,0.383,2010499
2023-02-24 00:00,0.383,0.385,0.359,0.366,1384295
2023-02-27 00:00,0.368,0.37,0.358,0.365,828764
2023-02-28 00:00,0.365,0.368,0.349,0.351,699403
2023-03-01 00:00,0.352,0.364,0.35,0.36,639499
2023-03-02 00:00,0.36,0.361,0.345,0.349,844495
2023-03-03 00:00,0.35,0.35,0.324,0.343,2647533
2023-03-06 00:00,0.337,0.338,0.329,0.331,1399172
2023-03-07 00:00,0.33,0.335,0.321,0.331,2654198
2023-03-08 00:00,0.331,0.332,0.315,0.318,2002271
2023-03-09 00:00,0.318,0.322,0.303,0.31,3379026
2023-03-10 00:00,0.31,0.318,0.298,0.315,5267042
2023-03-13 00:00,0.33,0.351,0.328,0.343,5794792
2023-03-14 00:00,0.344,0.368,0.337,0.343,5175773
2023-03-15 00:00,0.343,0.346,0.316,0.324,3199630
2023-03-16 00:00,0.324,0.329,0.317,0.324,1572088
2023-03-17 00:00,0.325,0.35,0.322,0.349,1531136
2023-03-20 00:00,0.345,0.346,0.33,0.331,1168542
2023-03-21 00:00,0.333,0.386,0.33,0.37,5354270
2023-03-22 00:00,0.37,0.387,0.349,0.36,5643025
2023-03-23 00:00,0.36,0.385,0.354,0.371,2667958
2023-03-24 00:00,0.372,0.372,0.355,0.359,1645111
2023-03-27 00:00,0.357,0.363,0.337,0.346,1342816
2023-03-28 00:00,0.345,0.37,0.343,0.368,2878131
2023-03-29 00:00,0.369,0.39,0.367,0.381,3055143
2023-03-30 00:00,0.382,0.387,0.37,0.376,2391407
2023-03-31 00:00,0.376,0.409,0.374,0.399,4066739
2023-04-03 00:00,0.382,0.405,0.371,0.387,4436602
2023-04-04 00:00,0.387,0.4,0.384,0.39,2086956
2023-04-05 00:00,0.389,0.4,0.387,0.392,1096110
2023-04-06 00:00,0.392,0.392,0.377,0.383,920479
2023-04-07 00:00,0.383,0.385,0.376,0.383,894744
2023-04-10 00:00,0.389,0.398,0.385,0.397,1453379
2023-04-11 00:00,0.397,0.413,0.396,0.401,3258759
2023-04-12 00:00,0.402,0.407,0.389,0.404,2275936
2023-04-13 00:00,0.405,0.429,0.4,0.425,4108872
2023-04-14 00:00,0.425,0.444,0.423,0.438,5089078
2023-04-17 00:00,0.452,0.452,0.432,0.434,2117786
2023-04-18 00:00,0.434,0.448,0.428,0.444,1834344
2023-04-19 00:00,0.443,0.443,0.408,0.416,3521166
2023-04-20 00:00,0.416,0.422,0.396,0.401,2763911
2023-04-21 00:00,0.4,0.407,0.379,0.383,3368581
2023-04-24 00:00,0.389,0.397,0.38,0.385,565914
2023-04-25 00:00,0.384,0.395,0.377,0.395,1311540
2023-04-26 00:00,0.394,0.417,0.378,0.401,1680054
2023-04-27 00:00,0.402,0.418,0.401,0.41,1154786
2023-04-28 00:00,0.41,0.411,0.398,0.404,602505
2023-05-01 00:00,0.396,0.398,0.381,0.387,908049
2023-05-02 00:00,0.386,0.395,0.382,0.392,680642
2023-05-03 00:00,0.391,0.396,0.379,0.394,1464693
2023-05-04 00:00,0.393,0.396,0.385,0.388,597068
2023-05-05 00:00,0.388,0.397,0.383,0.394,473899
2023-05-08 00:00,0.375,0.38,0.356,0.366,1951913
2023-05-09 00:00,0.365,0.37,0.36,0.364,464079
2023-05-10 00:00,0.363,0.373,0.355,0.37,1470782
2023-05-11 00:00,0.369,0.37,0.35,0.36,565956
2023-05-12 00:00,0.36,0.371,0.354,0.37,1694015
2023-05-15 00:00,0.371,0.376,0.366,0.367,246675
2023-05-16 00:00,0.367,0.37,0.362,0.368,324175
2023-05-17 00:00,0.369,0.381,0.365,0.376,276135
2023-05-18 00:00,0.376,0.38,0.366,0.371,286787
2023-05-19 00:00,0.372,0.373,0.366,0.368,147606
2023-05-22 00:00,0.36,0.374,0.357,0.368,450430
2023-05-23 00:00,0.368,0.375,0.366,0.371,178194
2023-05-24 00:00,0.37,0.371,0.36,0.364,305764
2023-05-25 00:00,0.364,0.364,0.355,0.359,274630
2023-05-26 00:00,0.358,0.367,0.354,0.363,374605
2023-05-29 00:00,0.383,0.386,0.376,0.379,652334
2023-05-30 00:00,0.379,0.383,0.375,0.378,455914
2023-05-31 00:00,0.378,0.38,0.37,0.375,408132
2023-06-01 00:00,0.374,0.376,0.361,0.365,549704
2023-06-02 00:00,0.365,0.379,0.363,0.378,955148
2023-06-05 00:00,0.377,0.379,0.347,0.352,1494184
2023-06-06 00:00,0.351,0.357,0.337,0.353,1023782
2023-06-07 00:00,0.353,0.353,0.301,0.317,2127748
2023-06-08 00:00,0.316,0.33,0.315,0.323,978536
2023-06-09 00:00,0.323,0.323,0.285,0.286,3198702
2023-06-12 00:00,0.272,0.286,0.257,0.273,2619576
2023-06-13 00:00,0.272,0.287,0.269,0.274,2206214
2023-06-14 00:00,0.275,0.277,0.257,0.263,1246102
2023-06-15 00:00,0.263,0.265,0.254,0.261,977887
2023-06-16 00:00,0.262,0.266,0.254,0.263,1080444
2023-06-19 00:00,0.261,0.263,0.257,0.263,430675
2023-06-20 00:00,0.263,0.27,0.253,0.27,866802
2023-06-21 00:00,0.27,0.289,0.268,0.287,1140537
2023-06-22 00:00,0.287,0.305,0.286,0.29,1112014
2023-06-23 00:00,0.291,0.302,0.288,0.296,959622
2023-06-26 00:00,0.291,0.292,0.278,0.28,407475
2023-06-27 00:00,0.28,0.289,0.279,0.287,738817
2023-06-28 00:00,0.285,0.287,0.265,0.267,954843
2023-06-29 00:00,0.267,0.279,0.267,0.275,800402
2023-06-30 00:00,0.276,0.299,0.273,0.287,1632565
2023-07-03 00:00,0.292,0.299,0.29,0.296,381450
2023-07-04 00:00,0.296,0.301,0.29,0.292,591809
2023-07-05 00:00,0.293,0.296,0.28,0.284,583308
2023-07-06 00:00,0.284,0.293,0.278,0.279,911992
2023-07-07 00:00,0.279,0.285,0.276,0.284,646788
2023-07-10 00:00,0.285,0.292,0.28,0.287,766041
2023-07-11 00:00,0.288,0.294,0.287,0.293,722518
2023-07-12 00:00,0.293,0.295,0.285,0.289,544250
2023-07-13 00:00,0.288,0.358,0.286,0.354,2272946
2023-07-14 00:00,0.353,0.376,0.318,0.328,3140379
2023-07-17 00:00,0.314,0.319,0.305,0.312,1370635
2023-07-18 00:00,0.312,0.314,0.301,0.308,1227656
2023-07-19 00:00,0.308,0.326,0.307,0.324,1733062
2023-07-20 00:00,0.324,0.332,0.313,0.317,1502077
2023-07-21 00:00,0.316,0.318,0.311,0.313,485535
2023-07-24 00:00,0.317,0.319,0.3,0.305,940563
2023-07-25 00:00,0.305,0.307,0.289,0.303,535305
2023-07-26 00:00,0.304,0.31,0.301,0.306,912018
2023-07-27 00:00,0.306,0.313,0.305,0.308,335259
2023-07-28 00:00,0.308,0.313,0.306,0.31,480288
2023-07-31 00:00,0.316,0.318,0.306,0.308,420984
2023-08-01 00:00,0.307,0.31,0.3,0.31,650001
2023-08-02 00:00,0.31,0.312,0.299,0.3,621518
2023-08-03 00:00,0.299,0.301,0.29,0.293,442600
2023-08-04 00:00,0.293,0.297,0.291,0.294,255812
2023-08-07 00:00,0.292,0.296,0.283,0.291,558191
2023-08-08 00:00,0.291,0.302,0.289,0.298,641202
2023-08-09 00:00,0.298,0.302,0.296,0.301,379915
2023-08-10 00:00,0.302,0.302,0.296,0.296,364864
2023-08-11 00:00,0.296,0.297,0.293,0.294,317563
2023-08-14 00:00,0.29,0.293,0.287,0.291,385927
2023-08-15 00:00,0.291,0.291,0.28,0.282,575929
2023-08-16 00:00,0.282,0.283,0.266,0.275,780928
2023-08-17 00:00,0.275,0.278,0.245,0.256,998428
2023-08-18 00:00,0.255,0.267,0.255,0.264,695581
2023-08-21 00:00,0.271,0.272,0.259,0.263,424383
2023-08-22 00:00,0.263,0.263,0.251,0.259,512798
2023-08-23 00:00,0.259,0.27,0.258,0.268,384747
2023-08-24 00:00,0.268,0.271,0.262,0.266,373395
2023-08-25 00:00,0.266,0.271,0.259,0.261,291895
2023-08-28 00:00,0.263,0.268,0.258,0.268,374793
2023-08-29 00:00,0.268,0.28,0.26,0.273,322556
2023-08-30 00:00,0.273,0.273,0.261,0.266,267772
2023-08-31 00:00,0.266,0.266,0.25,0.255,514003
2023-09-01 00:00,0.255,0.259,0.252,0.255,274188
2023-09-04 00:00,0.256,0.26,0.254,0.256,165715
2023-09-05 00:00,0.256,0.259,0.254,0.258,299439
2023-09-06 00:00,0.258,0.261,0.253,0.258,323584
2023-09-07 00:00,0.258,0.259,0.253,0.258,389609
2023-09-08 00:00,0.258,0.26,0.253,0.254,205702
2023-09-11 00:00,0.249,0.25,0.237,0.242,693689
2023-09-12 00:00,0.242,0.252,0.235,0.246,945296
2023-09-13 00:00,0.245,0.25,0.244,0.249,300596
2023-09-14 00:00,0.249,0.252,0.247,0.251,636243
2023-09-15 00:00,0.251,0.255,0.245,0.25,401549
2023-09-18 00:00,0.247,0.256,0.244,0.252,358091
2023-09-19 00:00,0.252,0.258,0.251,0.255,319234
2023-09-20 00:00,0.255,0.257,0.25,0.252,450497
2023-09-21 00:00,0.252,0.254,0.246,0.246,417863
2023-09-22 00:00,0.246,0.246,0.243,0.245,254065
2023-09-25 00:00,0.242,0.246,0.241,0.246,482613
2023-09-26 00:00,0.246,0.248,0.244,0.246,240040
2023-09-27 00:00,0.245,0.248,0.243,0.244,399267
2023-09-28 00:00,0.245,0.25,0.244,0.249,325751
2023-09-29 00:00,0.249,0.255,0.247,0.25,640593
2023-10-02 00:00,0.266,0.269,0.258,0.259,419016
2023-10-03 00:00,0.259,0.264,0.256,0.261,536430
2023-10-04 00:00,0.261,0.261,0.253,0.259,573572
2023-10-05 00:00,0.259,0.263,0.257,0.259,339769
2023-10-06 00:00,0.26,0.266,0.259,0.265,272903
2023-10-09 00:00,0.256,0.258,0.249,0.252,374541
2023-10-10 00:00,0.251,0.253,0.247,0.249,317445
2023-10-11 00:00,0.249,0.249,0.245,0.248,307715
2023-10-12 00:00,0.248,0.248,0.243,0.246,341717
2023-10-13 00:00,0.246,0.249,0.245,0.246,329731
2023-10-16 00:00,0.248,0.257,0.247,0.252,472752
2023-10-17 00:00,0.251,0.252,0.246,0.246,167678
2023-10-18 00:00,0.246,0.248,0.243,0.243,215049
2023-10-19 00:00,0.243,0.246,0.241,0.246,633623
2023-10-20 00:00,0.246,0.254,0.245,0.251,439907
2023-10-23 00:00,0.264,0.28,0.261,0.28,1211900
2023-10-24 00:00,0.28,0.292,0.274,0.279,1378069
2023-10-25 00:00,0.279,0.289,0.277,0.281,994280
2023-10-26 00:00,0.28,0.296,0.279,0.287,1270480
2023-10-27 00:00,0.287,0.291,0.281,0.289,343199
2023-10-30 00:00,0.294,0.308,0.292,0.303,885187
2023-10-31 00:00,0.303,0.304,0.282,0.293,1445825
2023-11-01 00:00,0.292,0.308,0.286,0.307,1140733
2023-11-02 00:00,0.307,0.327,0.3,0.323,2149626
2023-11-03 00:00,0.323,0.329,0.312,0.328,791787
2023-11-06 00:00,0.342,0.375,0.338,0.364,1931360
2023-11-07 00:00,0.362,0.365,0.327,0.351,1168336
2023-11-08 00:00,0.351,0.36,0.349,0.358,675310
2023-11-09 00:00,0.357,0.386,0.351,0.367,1747198
2023-11-10 00:00,0.367,0.387,0.364,0.385,1354967
2023-11-13 00:00,0.383,0.387,0.357,0.357,1065131
2023-11-14 00:00,0.357,0.371,0.35,0.358,957926
2023-11-15 00:00,0.357,0.379,0.354,0.378,792906
2023-11-16 00:00,0.378,0.409,0.359,0.37,1705325
2023-11-17 00:00,0.371,0.377,0.353,0.365,686808
2023-11-20 00:00,0.384,0.398,0.379,0.38,848475
2023-11-21 00:00,0.381,0.389,0.36,0.36,1301905
2023-11-22 00:00,0.36,0.386,0.356,0.38,689750
2023-11-23 00:00,0.38,0.387,0.375,0.385,472726
2023-11-24 00:00,0.386,0.396,0.384,0.386,809786
2023-11-27 00:00,0.387,0.392,0.372,0.378,461892
2023-11-28 00:00,0.378,0.388,0.37,0.385,398542
2023-11-29 00:00,0.385,0.389,0.378,0.381,449268
2023-11-30 00:00,0.382,0.383,0.373,0.377,305937
2023-12-01 00:00,0.377,0.385,0.374,0.384,281842
2023-12-04 00:00,0.395,0.413,0.393,0.406,787459
2023-12-05 00:00,0.405,0.426,0.398,0.425,1152282
2023-12-06 00:00,0.426,0.453,0.417,0.443,1949462
2023-12-07 00:00,0.443,0.459,0.432,0.455,1224638
2023-12-08 00:00,0.455,0.572,0.452,0.544,3013435
2023-12-11 00:00,0.594,0.598,0.522,0.551,2044842
2023-12-12 00:00,0.554,0.604,0.551,0.576,1833973
2023-12-13 00:00,0.576,0.679,0.542,0.666,3080764
2023-12-14 00:00,0.668,0.68,0.617,0.644,1768409
2023-12-15 00:00,0.644,0.652,0.602,0.602,1210865
2023-12-18 00:00,0.583,0.601,0.55,0.601,1309732
2023-12-19 00:00,0.601,0.617,0.565,0.577,1040920
2023-12-20 00:00,0.576,0.61,0.569,0.588,1584938
2023-12-21 00:00,0.589,0.639,0.582,0.635,1317696
2023-12-22 00:00,0.636,0.651,0.609,0.623,1538649
2023-12-25 00:00,0.592,0.633,0.59,0.626,937288
2023-12-26 00:00,0.624,0.626,0.576,0.608,1011250
2023-12-27 00:00,0.608,0.64,0.587,0.634,1223240
2023-12-28 00:00,0.634,0.671,0.61,0.619,1458311
2023-12-29 00:00,0.618,0.625,0.595,0.606,734038
2024-01-01 00:00,0.594,0.622,0.592,0.621,547178
2024-01-02 00:00,0.622,0.636,0.604,0.605,940115
2024-01-03 00:00,0.605,0.619,0.546,0.558,875985
2024-01-04 00:00,0.558,0.589,0.552,0.567,469050
2024-01-05 00:00,0.569,0.573,0.526,0.539,899187
2024-01-08 00:00,0.494,0.544,0.467,0.54,964066
2024-01-09 00:00,0.54,0.54,0.499,0.513,798765
2024-01-10 00:00,0.513,0.589,0.489,0.566,1007782
2024-01-11 00:00,0.566,0.614,0.559,0.583,1244603
2024-01-12 00:00,0.581,0.587,0.53,0.546,887666
2024-01-15 00:00,0.525,0.54,0.522,0.528,587945
2024-01-16 00:00,0.529,0.548,0.526,0.535,267670
2024-01-17 00:00,0.535,0.539,0.522,0.527,421055
2024-01-18 00:00,0.527,0.528,0.498,0.501,420117
2024-01-19 00:00,0.502,0.516,0.474,0.503,542421
2024-01-22 00:00,0.505,0.508,0.477,0.479,323703
2024-01-23 00:00,0.479,0.486,0.45,0.478,550487
2024-01-24 00:00,0.477,0.48,0.465,0.477,196126
2024-01-25 00:00,0.476,0.484,0.459,0.465,264992
2024-01-26 00:00,0.466,0.49,0.463,0.485,635398
2024-01-29 00:00,0.49,0.527,0.483,0.525,737561
2024-01-30 00:00,0.526,0.535,0.513,0.514,764092
2024-01-31 00:00,0.513,0.52,0.495,0.499,357681
2024-02-01 00:00,0.498,0.508,0.48,0.507,609111
2024-02-02 00:00,0.508,0.524,0.505,0.514,539560
2024-02-05 00:00,0.494,0.505,0.488,0.495,223049
2024-02-06 00:00,0.495,0.504,0.489,0.499,132984
2024-02-07 00:00,0.5,0.502,0.475,0.501,698033
2024-02-08 00:00,0.502,0.535,0.501,0.53,868143
2024-02-09 00:00,0.53,0.546,0.528,0.54,736519
2024-02-12 00:00,0.541,0.563,0.531,0.559,751840
2024-02-13 00:00,0.559,0.564,0.534,0.545,489826
2024-02-14 00:00,0.545,0.582,0.54,0.577,892844
2024-02-15 00:00,0.577,0.612,0.571,0.609,1059043
2024-02-16 00:00,0.608,0.612,0.585,0.599,448931
2024-02-19 00:00,0.616,0.638,0.615,0.634,903182
2024-02-20 00:00,0.633,0.64,0.594,0.622,833050
2024-02-21 00:00,0.622,0.622,0.568,0.598,771388
2024-02-22 00:00,0.598,0.607,0.581,0.586,353916
2024-02-23 00:00,0.586,0.595,0.564,0.584,588376
2024-02-26 00:00,0.592,0.62,0.573,0.62,919749
2024-02-27 00:00,0.62,0.629,0.608,0.623,690560
2024-02-28 00:00,0.624,0.657,0.605,0.628,1995902
2024-02-29 00:00,0.628,0.7,0.623,0.656,2194946
2024-03-01 00:00,0.656,0.719,0.654,0.719,1360207
2024-03-04 00:00,0.729,0.84,0.727,0.767,1706196
2024-03-05 00:00,0.767,0.783,0.665,0.7,2170354
2024-03-06 00:00,0.7,0.754,0.668,0.735,1189139
2024-03-07 00:00,0.736,0.755,0.713,0.744,1122168
2024-03-08 00:00,0.743,0.754,0.703,0.723,1198545
2024-03-11 00:00,0.716,0.787,0.69,0.774,1524555
2024-03-12 00:00,0.776,0.776,0.718,0.747,1124722
2024-03-13 00:00,0.747,0.771,0.738,0.764,1070687
2024-03-14 00:00,0.764,0.808,0.72,0.751,2103288
2024-03-15 00:00,0.75,0.764,0.685,0.726,1291362
2024-03-18 00:00,0.68,0.698,0.643,0.66,886676
2024-03-19 00:00,0.659,0.666,0.581,0.587,1424920
2024-03-20 00:00,0.587,0.643,0.569,0.64,1088237
2024-03-21 00:00,0.638,0.702,0.6,0.633,680597
2024-03-22 00:00,0.631,0.642,0.599,0.614,536052
2024-03-25 00:00,0.646,0.667,0.638,0.657,1731911
2024-03-26 00:00,0.656,0.683,0.652,0.664,1554669
2024-03-27 00:00,0.665,0.67,0.631,0.648,559928
2024-03-28 00:00,0.647,0.657,0.636,0.651,326408
2024-03-29 00:00,0.65,0.667,0.636,0.662,686521
2024-04-01 00:00,0.648,0.65,0.606,0.622,675163
2024-04-02 00:00,0.621,0.622,0.574,0.58,932027
2024-04-03 00:00,0.58,0.595,0.563,0.57,522434
2024-04-04 00:00,0.57,0.596,0.559,0.584,549889
2024-04-05 00:00,0.581,0.584,0.56,0.576,676807
2024-04-08 00:00,0.586,0.616,0.579,0.614,1002082
2024-04-09 00:00,0.614,0.623,0.59,0.591,394277
2024-04-10 00:00,0.59,0.594,0.559,0.587,775753
2024-04-11 00:00,0.586,0.594,0.576,0.586,302352
2024-04-12 00:00,0.587,0.592,0.48,0.505,1241713
2024-04-15 00:00,0.466,0.494,0.457,0.488,157442